problem,method,best,mean,median,std,worst,succ_rate,mean_ett,mean_wall,finals,obj_mean,obj_best,feas_rate,cfg_best
Sphere,HH-UCB,0.00022404032650304482,0.006407876565215132,0.003483454309391896,0.008634344935442064,0.0434477553991464,0.0,-1,0.18512346744537353,"[0.011352, 0.005322, 0.011426, 0.004037, 0.001213, 0.003159, 0.007206, 0.000224, 0.002347, 0.00287, 0.001319, 0.007028, 0.011638, 0.000838, 0.010456, 0.003227, 0.000663, 0.004627, 0.005596, 0.000539, 0.043448, 0.001331, 0.000538, 0.000659, 0.015891, 0.001089, 0.003959, 0.023301, 0.00374, 0.003192]",,,,
Sphere,HH-Random,0.00024455972775625455,0.003023545602953996,0.0021436621839363277,0.0032024593930183114,0.017206744992487047,0.0,-1,0.1550780216852824,"[0.005668, 0.005026, 0.000469, 0.0021, 0.000245, 0.001183, 0.002043, 0.006643, 0.017207, 0.004432, 0.005244, 0.005682, 0.001359, 0.004254, 0.002187, 0.00035, 0.000744, 0.003537, 0.001137, 0.001125, 0.002467, 0.002271, 0.000993, 0.002683, 0.000263, 0.00307, 0.00445, 0.001132, 0.000924, 0.001819]",,,,
Sphere,DE,1.4134521539785597e-07,9.61208156969011e-06,5.900942060372068e-06,9.008097327001048e-06,3.480837429875739e-05,0.1,4846.333333333333,0.203347913424174,"[1e-06, 5e-06, 2.7e-05, 6e-06, 6e-06, 2e-06, 2.1e-05, 1.2e-05, 6e-06, 3e-05, 1e-05, 2e-06, 3e-06, 3.5e-05, 0.0, 1.3e-05, 2.1e-05, 2.1e-05, 5e-06, 5e-06, 6e-06, 8e-06, 1e-06, 1e-05, 1e-05, 6e-06, 1e-06, 8e-06, 4e-06, 5e-06]",,,,
Sphere,CMA-ES,1.6282243267773523e-33,6.098237812271838e-32,3.4540274147314797e-32,9.396366544367282e-32,4.664506369128929e-31,1.0,1132.6,0.10153739452362061,"[0.0, 0.0, 0.0, 0.0, 0.0, 0.0, 0.0, 0.0, 0.0, 0.0, 0.0, 0.0, 0.0, 0.0, 0.0, 0.0, 0.0, 0.0, 0.0, 0.0, 0.0, 0.0, 0.0, 0.0, 0.0, 0.0, 0.0, 0.0, 0.0, 0.0]",,,,
Sphere,LLH:SA,0.013294994526133279,0.037412118949226476,0.03763093362797745,0.01514921538186292,0.07636493515319752,0.0,-1,0.08547813097635905,"[0.036684, 0.051567, 0.046241, 0.0216, 0.020788, 0.049007, 0.027934, 0.038578, 0.049018, 0.013295, 0.023347, 0.030621, 0.047344, 0.021155, 0.022669, 0.02366, 0.04157, 0.029612, 0.02667, 0.053099, 0.047295, 0.049335, 0.049883, 0.042818, 0.021287, 0.030852, 0.048658, 0.015293, 0.076365, 0.06612]",,,,
Sphere,LLH:Tabu,0.09698723078235963,0.19840400954894438,0.202815005254508,0.05641069475735809,0.3267654711661859,0.0,-1,0.11027233600616455,"[0.223436, 0.110435, 0.130709, 0.187546, 0.295448, 0.186702, 0.12933, 0.226655, 0.256061, 0.141426, 0.247754, 0.214999, 0.234565, 0.145702, 0.276947, 0.15526, 0.189456, 0.191163, 0.117316, 0.156674, 0.231128, 0.204262, 0.253466, 0.201368, 0.326765, 0.214549, 0.213098, 0.251398, 0.096987, 0.141516]",,,,
Sphere,LLH:VNS,0.00021875420627508234,0.0015850394147480578,0.0014275682238147707,0.0011153884858921637,0.004511279682829267,0.0,-1,0.15350650946299235,"[0.000437, 0.004511, 0.0039, 0.001345, 0.0005, 0.000453, 0.002042, 0.000649, 0.000329, 0.000219, 0.001478, 0.000512, 0.002104, 0.001642, 0.001931, 0.000492, 0.002054, 0.003193, 0.001531, 0.002632, 0.001173, 0.001377, 0.0017, 0.003722, 0.002555, 0.000515, 0.000934, 0.000894, 0.001866, 0.000861]",,,,
Sphere,LLH:LNS,0.6235486851245104,1.4317620939389275,1.439031848684752,0.4936713668576535,2.557841548015529,0.0,-1,0.23240747451782226,"[1.234679, 1.48611, 1.152491, 1.231922, 0.906853, 1.53573, 1.587263, 1.652387, 2.261877, 1.194919, 1.57055, 0.623549, 1.469691, 0.635139, 2.376128, 1.960095, 1.727639, 0.67078, 1.03738, 2.14204, 1.24179, 1.416887, 1.934667, 0.910676, 0.932374, 1.102324, 1.461177, 1.628216, 1.309689, 2.557842]",,,,
Sphere,LLH:DE/rand/1,1.4191419251624661e-12,0.052731070739115586,7.427057111431292e-06,0.23424824069540465,1.3041401120964675,0.43333333333333335,2839.076923076923,0.25163020292917887,"[0.001272, 0.000401, 1.30414, 0.0, 3e-06, 0.0, 0.001004, 0.0, 8e-06, 0.0, 0.162728, 0.0, 0.024074, 0.004358, 0.015155, 0.0, 0.023519, 0.002747, 0.0, 0.0, 0.0, 0.008389, 0.0, 0.0, 0.0, 7e-06, 0.005261, 0.028854, 0.0, 1.1e-05]",,,,
Sphere,LLH:DE/best/1,8.489829038202316e-09,0.001186962858468732,2.06927177968701e-06,0.005139035677326951,0.028257455199406634,0.36666666666666664,4327.727272727273,0.2575442632039388,"[0.0, 1e-05, 3e-06, 0.005908, 1.1e-05, 2e-06, 2e-06, 1.1e-05, 0.000115, 0.0, 3e-06, 2e-06, 1e-06, 0.0, 1e-06, 2.8e-05, 0.0, 3e-06, 0.0, 1e-06, 0.0, 4e-06, 0.000181, 0.0, 0.0, 1e-06, 0.028257, 0.0, 2e-06, 0.001061]",,,,
Sphere,LLH:PSO,26.459298223636186,43.39196755471014,40.97780434256046,11.089719916740597,68.47637330872236,0.0,-1,0.12876190344492594,"[49.733758, 47.902531, 30.243131, 26.459298, 31.684551, 50.905677, 47.640657, 37.287408, 40.512278, 41.679964, 40.34093, 68.476373, 29.356195, 36.682164, 40.734124, 33.436914, 27.749219, 52.764443, 62.384834, 47.366939, 28.015989, 37.344663, 48.172288, 62.730825, 60.35761, 37.608231, 37.237526, 41.221484, 53.228813, 52.500209]",,,,
Sphere,LLH:perturb-V,22.311209111142357,37.826341581046485,35.57731539945056,11.470952323794481,62.14825812828995,0.0,-1,0.07634700934092203,"[36.542808, 30.805927, 24.766058, 25.128916, 22.311209, 27.508436, 32.494754, 37.037442, 38.531686, 28.377364, 38.352262, 62.148258, 26.633042, 36.678083, 32.469738, 33.096901, 24.637659, 31.289496, 59.911595, 47.259112, 27.396537, 34.611823, 45.067506, 60.541805, 60.271221, 32.765646, 37.237076, 40.648752, 52.085849, 48.183285]",,,,
Sphere,LLH:perturb-w,15.12881558491316,37.463583747675166,36.95173885743932,10.92370239166384,60.12933239537966,0.0,-1,0.08034574190775554,"[34.83494, 42.420276, 29.054845, 17.85796, 30.885667, 50.699187, 45.105117, 36.683864, 40.432709, 35.511271, 30.396693, 54.860333, 26.63456, 15.128816, 34.037759, 31.989488, 26.030842, 52.371432, 38.750866, 47.344066, 23.722803, 23.074656, 41.590468, 55.3772, 60.129332, 35.241936, 37.219614, 41.083642, 39.580394, 45.856774]",,,,
Sphere,LLH:perturb-share,14.856303794698624,37.49681788425456,36.879978523293055,12.359068228565203,60.66695568619642,0.0,-1,0.08207386334737142,"[45.41046, 37.557451, 30.226958, 24.278398, 30.250311, 46.30223, 43.119473, 17.526587, 34.854443, 41.649662, 39.668814, 60.573341, 18.96635, 35.565406, 35.563488, 31.335939, 14.856304, 52.052767, 45.81356, 22.700791, 27.751178, 36.211469, 46.200247, 60.666956, 59.286427, 37.548488, 23.114897, 27.632063, 46.76764, 51.452439]",,,,
Sphere,LLH:swap-hybrid,25.40333303753363,40.34657022969035,38.9312598660703,10.597868098060966,62.234104557543574,0.0,-1,0.08167475859324137,"[49.45689, 47.899293, 25.403333, 26.276727, 31.091493, 45.974825, 47.303231, 30.013107, 37.075152, 41.210094, 39.877185, 46.373183, 25.880294, 34.915787, 38.825093, 29.5883, 26.891788, 47.979105, 62.148083, 43.260137, 26.663288, 33.819386, 34.585879, 62.234105, 60.250316, 36.6839, 36.949201, 39.037427, 51.334594, 51.395913]",,,,
Sphere,LLH:swap-fluid,22.31120907947407,37.82634563581944,35.5773380980567,11.470950996502578,62.148257985058464,0.0,-1,0.08318039576212564,"[36.542813, 30.805927, 24.766059, 25.128924, 22.311209, 27.50844, 32.494757, 37.037444, 38.531687, 28.377364, 38.352261, 62.148258, 26.633043, 36.678083, 32.469759, 33.096903, 24.637674, 31.289498, 59.911596, 47.259112, 27.396538, 34.611863, 45.067506, 60.541808, 60.271225, 32.765647, 37.237076, 40.648755, 52.08585, 48.183286]",,,,
Rastrigin,HH-UCB,2.2909015697084385,10.234539484585024,9.419497861251152,4.703191929108812,21.10539862606825,0.0,-1,0.2102925936381022,"[7.506052, 3.996083, 10.805846, 9.678798, 11.380802, 5.681629, 5.152543, 5.161129, 2.290902, 13.916512, 5.055244, 15.445619, 8.837203, 12.271026, 8.531733, 8.524435, 14.957602, 9.160198, 9.693931, 7.881773, 16.14431, 8.970206, 3.51814, 10.892382, 13.860984, 7.900844, 21.105399, 20.554925, 16.927487, 11.232446]",,,,
Rastrigin,HH-Random,3.365303161585558,9.260603488148387,8.171424430002887,4.145624776120179,18.93989438278294,0.0,-1,0.19495509465535482,"[15.041271, 6.26389, 3.365303, 8.628522, 5.850228, 11.478453, 18.939894, 7.159777, 9.051153, 11.512203, 6.37877, 3.951489, 17.515474, 11.034622, 11.904367, 7.24719, 8.11166, 9.396804, 10.655921, 11.628264, 4.093337, 6.137601, 7.904198, 15.322462, 17.324801, 6.281321, 5.326525, 7.512914, 4.568501, 8.231189]",,,,
Rastrigin,DE,25.421524827283662,40.75763378079202,41.12562755658786,4.712170924944093,53.20343953352424,0.0,-1,0.24170068899790445,"[43.227672, 36.917337, 46.82548, 41.952286, 43.543887, 41.027472, 40.053196, 38.291034, 35.01165, 34.838643, 41.091738, 43.089475, 43.166489, 41.159517, 43.500688, 43.528202, 37.48434, 42.540725, 38.014921, 36.828951, 40.891843, 43.271455, 38.481858, 25.421525, 37.595112, 45.895357, 38.49869, 44.289869, 53.20344, 43.086163]",,,,
Rastrigin,CMA-ES,1.9899181141865938,12.86812049084639,13.92940662531069,5.418833136245664,25.868890098615722,0.0,-1,0.12911237080891927,"[4.974795, 18.904187, 13.929417, 15.91933, 14.924376, 7.959667, 7.959672, 12.934463, 8.954626, 13.929417, 20.894095, 13.929397, 25.86889, 17.909228, 7.959672, 5.969754, 16.914269, 12.934458, 20.894039, 12.934458, 13.929417, 6.964713, 14.924376, 4.974795, 14.924376, 17.909243, 1.989918, 8.954626, 8.954626, 15.919315]",,,,
Rastrigin,LLH:SA,6.216032776590822,27.901083260188194,23.463684581432666,14.311719982753413,61.72476795638447,0.0,-1,0.11286584536234538,"[45.258618, 23.613164, 16.934252, 59.094411, 55.930086, 38.135314, 21.953545, 17.78538, 16.578253, 25.81285, 24.532151, 23.061278, 61.724768, 19.647748, 31.625504, 32.286611, 18.794963, 31.758216, 19.770238, 9.023952, 6.216033, 31.523351, 23.314206, 56.535527, 25.768662, 14.346016, 19.522376, 20.846303, 29.400745, 16.237977]",,,,
Rastrigin,LLH:Tabu,32.49123680801169,51.04622718645131,48.77986056736914,10.522978871974633,84.40895773558107,0.0,-1,0.1375482161839803,"[55.471313, 64.999152, 48.36615, 65.232829, 58.824198, 39.825229, 59.047306, 51.052602, 46.912751, 54.163306, 32.491237, 51.630629, 84.408958, 47.901585, 40.410236, 48.802117, 49.631757, 40.243982, 44.634429, 57.809869, 37.67878, 63.399768, 43.710984, 45.670816, 48.757604, 44.77663, 45.863995, 50.704976, 67.163235, 41.80039]",,,,
Rastrigin,LLH:VNS,1.614806278441577,5.003242602576586,4.725518418785413,2.11038327084056,9.195073445633781,0.0,-1,0.1806581735610962,"[9.143553, 4.852508, 9.195073, 6.032757, 5.370353, 3.068529, 3.441004, 4.910517, 6.236992, 3.183906, 2.374547, 5.341387, 9.079539, 2.959337, 7.164349, 6.168618, 4.394091, 8.05573, 7.233738, 2.403858, 2.654837, 5.031528, 1.614806, 4.262889, 4.598529, 3.16497, 3.45317, 3.33325, 7.131309, 4.241607]",,,,
Rastrigin,LLH:LNS,11.013960688117635,22.19678758336673,21.961278194455936,5.271405214952802,34.24107288995131,0.0,-1,0.25577069918314616,"[20.698426, 19.759126, 22.626038, 16.928982, 24.860974, 28.841837, 19.058896, 30.189306, 17.539568, 23.192637, 17.523187, 28.553292, 21.355637, 23.522247, 32.755781, 24.485038, 34.241073, 19.943822, 21.093498, 17.13087, 11.013961, 23.541529, 22.470629, 22.219957, 17.482973, 28.832526, 21.759493, 19.426463, 12.692797, 22.163063]",,,,
Rastrigin,LLH:DE/rand/1,1.9900432221336928,8.882095733543535,7.713372368034328,6.005603204389229,23.92227839384303,0.0,-1,0.2751741568247477,"[22.487137, 8.95467, 2.699264, 11.286715, 9.50701, 1.990043, 9.951005, 10.975474, 3.067366, 2.985346, 6.188105, 8.984646, 23.922278, 7.175779, 4.976506, 9.782266, 7.979017, 4.859651, 4.369864, 9.21214, 4.983342, 7.825571, 4.976383, 5.125917, 7.601174, 21.819683, 5.134317, 23.146967, 5.940932, 8.554304]",,,,
Rastrigin,LLH:DE/best/1,10.944687467803845,28.614795793397892,23.421981670321316,14.216584136507137,56.783516771657204,0.0,-1,0.2879578272501628,"[27.869447, 26.863966, 24.873931, 10.944687, 41.032729, 12.942619, 14.927402, 14.924376, 53.522894, 56.712357, 50.747723, 27.858814, 56.783517, 45.839003, 14.924611, 33.828473, 28.853742, 13.929513, 20.894134, 32.833573, 21.88906, 44.772986, 48.752859, 20.895307, 21.970032, 15.929518, 21.88907, 19.899749, 11.94115, 19.396633]",,,,
Rastrigin,LLH:PSO,87.99351307394542,126.59391681169198,125.21570383566637,18.555330428835045,167.78833615461093,0.0,-1,0.14911590417226156,"[148.625909, 126.025443, 105.545729, 104.604862, 87.993513, 144.179623, 116.735351, 151.198887, 114.322859, 127.585663, 110.361059, 157.931337, 104.828924, 111.322097, 146.487333, 131.018605, 129.304408, 116.04872, 167.788336, 113.317107, 101.384868, 121.643782, 122.947361, 152.185908, 147.029191, 127.063949, 124.405965, 132.951107, 118.992357, 133.987252]",,,,
Rastrigin,LLH:perturb-V,77.88066405892279,113.14952170659116,113.58129545481198,18.436052100005572,150.88172006982575,0.0,-1,0.09865814050038656,"[144.356188, 119.986739, 84.693709, 98.977042, 77.880664, 115.984322, 112.633808, 141.438394, 106.119688, 103.977217, 89.922502, 140.702517, 88.533557, 110.523226, 126.311929, 114.932793, 118.642791, 94.31067, 150.88172, 91.97322, 100.286149, 103.193523, 106.688129, 121.481795, 145.864104, 115.276415, 110.96594, 117.801429, 114.528783, 125.616687]",,,,
Rastrigin,LLH:perturb-w,73.51921953118931,114.26179335573869,113.82752375098455,18.610369718123156,148.5526125046809,0.0,-1,0.09837907155354818,"[128.264162, 114.818916, 102.797853, 95.125394, 85.049884, 124.38057, 112.836132, 129.252312, 107.148619, 127.322182, 96.118023, 138.018612, 94.598371, 73.51922, 136.601408, 123.326566, 127.466381, 111.198952, 148.552613, 94.341656, 85.271146, 99.097361, 122.946212, 139.618448, 129.896763, 104.985465, 101.205584, 131.699427, 108.453238, 133.94233]",,,,
Rastrigin,LLH:perturb-share,79.79262655002655,116.36970145269177,115.28903350495774,19.68369878425391,163.33945255105104,0.0,-1,0.09967699845631918,"[123.316031, 114.549628, 102.503473, 82.530138, 79.792627, 135.677183, 100.80998, 149.837297, 113.792692, 124.820308, 103.936942, 153.535478, 100.684822, 109.575946, 127.843868, 128.792508, 115.676845, 116.004724, 163.339453, 95.807866, 84.511374, 119.700384, 113.039258, 120.5638, 140.775909, 117.354476, 114.901222, 132.948458, 104.684365, 99.783988]",,,,
Rastrigin,LLH:swap-hybrid,78.6601984606481,115.20158602451521,115.33081343164793,20.88159868871475,156.2146896717586,0.0,-1,0.10615699291229248,"[147.064223, 121.925874, 93.798973, 85.449383, 78.660198, 131.089369, 111.258183, 145.366606, 90.156965, 121.879886, 95.695809, 144.945583, 78.800062, 94.790536, 144.016409, 109.407229, 127.708316, 105.971773, 156.21469, 102.087046, 85.199969, 115.311342, 113.871569, 121.494579, 131.810988, 125.847403, 115.350285, 117.008529, 114.80826, 129.057543]",,,,
Rastrigin,LLH:swap-fluid,77.88066149962657,113.15030660916885,113.58165569414658,18.436117386933617,150.8818714959488,0.0,-1,0.10631524721781413,"[144.357302, 119.986738, 84.693845, 98.978713, 77.880661, 115.985246, 112.634401, 141.438833, 106.119964, 103.97723, 89.922337, 140.702156, 88.533852, 110.523252, 126.316145, 114.933301, 118.645721, 94.310968, 150.881871, 91.973285, 100.286194, 103.201339, 106.688128, 121.482462, 145.86486, 115.276534, 110.965918, 117.802126, 114.52891, 125.616903]",,,,
Ackley,HH-UCB,0.09445201392990699,1.2293306440523712,1.1824141953370035,0.8894342000012884,3.034141719187297,0.0,-1,0.23192954858144124,"[2.164579, 0.350187, 2.209492, 2.412963, 3.034142, 0.249646, 0.692862, 0.357365, 0.350662, 2.110631, 1.637385, 2.917418, 1.303344, 0.095583, 0.210671, 0.094452, 2.006286, 0.656735, 0.200664, 0.156922, 0.463428, 1.370675, 1.986447, 1.293107, 2.173005, 0.780342, 1.096147, 1.112472, 1.252356, 2.139951]",,,,
Ackley,HH-Random,0.08129856976129846,1.2830298501710025,1.275931498757878,0.7323102781153643,2.3980529814142497,0.0,-1,0.20081195036570232,"[1.179867, 0.307405, 0.652058, 1.400635, 0.3048, 1.686365, 0.319955, 1.686612, 1.791453, 1.219687, 0.310232, 0.523734, 1.289882, 1.853778, 1.261981, 0.081299, 2.268591, 2.398053, 1.696454, 0.265953, 2.240924, 1.242484, 1.376384, 1.22624, 1.792277, 0.121911, 2.355633, 1.186483, 2.391476, 2.058292]",,,,
Ackley,DE,0.014033963229146185,0.035473383901805246,0.03145441116862324,0.014519561400867095,0.07194583240720975,0.0,-1,0.26178199450174966,"[0.030174, 0.031361, 0.048019, 0.030177, 0.033674, 0.018879, 0.044661, 0.028795, 0.071946, 0.033417, 0.031548, 0.021629, 0.041527, 0.026416, 0.021354, 0.060916, 0.015998, 0.022434, 0.0374, 0.037759, 0.014034, 0.024364, 0.04143, 0.058204, 0.03557, 0.066129, 0.025924, 0.053894, 0.030777, 0.025793]",,,,
Ackley,CMA-ES,3.9968028886505635e-15,5.536312149464114e-15,3.9968028886505635e-15,4.271472372103685e-15,2.531308496145357e-14,1.0,1457.3666666666666,0.14049328962961832,"[0.0, 0.0, 0.0, 0.0, 0.0, 0.0, 0.0, 0.0, 0.0, 0.0, 0.0, 0.0, 0.0, 0.0, 0.0, 0.0, 0.0, 0.0, 0.0, 0.0, 0.0, 0.0, 0.0, 0.0, 0.0, 0.0, 0.0, 0.0, 0.0, 0.0]",,,,
Ackley,LLH:SA,1.817615469784951,2.7839994043653444,2.834709433919054,0.44734458714341935,3.5218856146153077,0.0,-1,0.12365405559539795,"[2.396935, 3.263621, 3.385067, 3.521886, 1.817615, 2.792161, 2.986446, 2.587751, 2.909368, 3.254197, 3.209421, 2.855395, 1.971032, 2.406482, 3.013997, 3.175371, 2.945708, 1.918357, 2.489105, 2.521669, 2.719305, 3.357542, 3.042646, 2.321767, 2.814024, 2.323898, 3.166055, 2.718434, 2.39192, 3.242807]",,,,
Ackley,LLH:Tabu,4.179596728176197,4.990142735342252,4.967263854421354,0.4317540510829555,5.735587970581598,0.0,-1,0.15006629625956217,"[5.719555, 5.412978, 5.18917, 5.029301, 4.839571, 5.369594, 4.768437, 4.255939, 4.868978, 4.905227, 5.208428, 5.735588, 5.481906, 5.154065, 4.422536, 4.453201, 4.90361, 4.547119, 4.742381, 5.147598, 5.680112, 4.702705, 5.284714, 4.179597, 4.421, 5.363334, 4.664264, 5.043759, 4.663131, 5.546484]",,,,
Ackley,LLH:VNS,0.2208868737731433,0.707701854440033,0.5856336166506773,0.45038973405549754,1.846206849606482,0.0,-1,0.18901907602945964,"[1.49622, 1.721315, 0.995108, 0.28492, 0.220887, 0.4193, 0.66504, 0.329115, 0.245044, 0.456469, 0.594795, 1.548887, 0.332682, 0.502546, 1.846207, 0.439095, 0.838518, 0.380309, 0.23895, 0.245113, 0.349712, 0.475327, 0.576472, 0.795699, 1.013186, 0.717966, 0.805619, 0.892981, 0.599052, 1.204522]",,,,
Ackley,LLH:LNS,6.477000184464178,8.990518853983238,9.263886893993423,1.017749400390081,10.666386707896597,0.0,-1,0.268294628461202,"[9.041446, 9.736924, 10.051126, 9.437, 6.477, 9.5811, 9.513317, 9.842187, 9.676472, 8.534775, 9.228175, 7.69519, 10.666387, 8.679033, 9.299599, 8.189743, 8.710399, 9.782273, 8.639711, 9.783333, 9.027135, 9.632101, 9.717238, 8.336674, 8.320843, 7.54663, 7.257586, 9.875226, 6.96096, 10.475984]",,,,
Ackley,LLH:DE/rand/1,6.130863394737673e-07,0.4394413111344205,0.0027176333678871067,0.7806793823745468,2.8135969945456485,0.43333333333333335,3138.3076923076924,0.2785684506098429,"[2.6e-05, 0.0013, 0.000172, 2.578876, 5.1e-05, 1.1e-05, 0.001299, 2.813597, 0.076971, 0.192253, 0.030714, 0.000545, 1.155149, 0.011679, 1.155168, 0.005557, 1.648025, 1.155149, 0.000191, 1.188427, 4.7e-05, 2e-06, 0.008603, 2.3e-05, 1e-06, 3e-06, 0.004135, 1.155228, 3.6e-05, 1e-06]",,,,
Ackley,LLH:DE/best/1,5.898656216822104,12.894822817014784,12.779017073768747,2.643888466982743,17.002222747000673,0.0,-1,0.2845564126968384,"[15.451984, 10.907031, 12.54266, 10.883908, 15.630243, 17.002223, 16.684612, 12.587726, 12.194306, 10.595487, 14.614416, 5.898656, 11.505491, 12.276515, 14.258008, 14.655195, 11.736549, 11.238795, 15.280949, 11.773752, 12.970308, 13.540383, 14.058675, 15.78653, 14.679407, 15.698327, 8.409459, 15.913107, 9.180766, 8.889217]",,,,
Ackley,LLH:PSO,18.973521056010277,20.190666012588938,20.26751039442411,0.4504897470000314,20.90256309439301,0.0,-1,0.15930314858754477,"[20.559338, 20.654359, 18.973521, 19.270473, 19.787789, 20.357601, 20.558878, 19.894595, 19.998651, 20.375394, 20.105939, 20.504515, 19.606062, 20.289652, 20.491263, 19.988058, 19.481427, 20.587914, 20.644295, 20.138177, 19.679438, 20.228165, 20.470547, 20.902563, 20.664818, 20.07548, 19.985477, 20.245369, 20.612813, 20.587407]",,,,
Ackley,LLH:perturb-V,18.463119421035273,19.845711006394723,19.92430563118149,0.5797981168988852,20.80669467558223,0.0,-1,0.11483648618062338,"[20.262315, 20.498489, 18.463119, 18.953647, 18.703778, 19.073377, 19.776629, 19.799507, 19.898387, 19.37923, 20.00323, 20.434696, 19.173847, 20.14688, 20.144011, 19.870149, 19.056072, 19.387361, 20.579881, 20.107512, 19.620984, 19.899382, 20.223896, 20.806695, 20.297109, 19.761839, 19.94923, 20.214437, 20.529877, 20.355765]",,,,
Ackley,LLH:perturb-w,17.777545386664865,19.794999392999546,19.90794391771098,0.7097813833045178,20.733835782609486,0.0,-1,0.11527976195017496,"[20.510649, 20.542706, 18.874294, 18.061122, 19.616787, 20.33073, 20.401499, 19.858583, 19.913087, 20.030435, 19.422902, 20.321461, 19.173278, 17.777545, 20.331816, 19.774192, 19.149469, 20.575939, 19.821332, 20.134634, 19.163826, 19.006509, 20.243557, 20.733836, 20.312455, 19.893945, 19.944213, 19.458417, 19.902801, 20.567962]",,,,
Ackley,LLH:perturb-share,17.650095216009117,19.66675749258237,19.979494182534694,0.8289772954496438,20.816510977627093,0.0,-1,0.11027717590332031,"[19.332884, 20.428556, 18.87264, 18.836117, 19.534269, 20.051196, 20.198823, 17.6654, 19.582482, 20.352157, 19.961131, 20.368837, 18.244219, 20.155916, 20.055677, 19.739084, 17.650095, 20.354288, 20.163262, 18.355669, 19.561893, 20.112193, 20.368596, 20.816511, 20.615072, 19.866553, 18.81508, 19.997857, 20.275674, 19.670593]",,,,
Ackley,LLH:swap-hybrid,18.512960220931788,19.939961452067866,19.982185116546557,0.5129822701588538,20.79079300030053,0.0,-1,0.11728383700052897,"[20.366295, 19.607472, 18.51296, 19.142628, 19.734667, 20.087799, 20.427474, 19.277746, 19.777887, 20.185006, 19.891473, 20.184419, 19.278445, 20.027437, 20.466864, 19.529246, 19.393261, 20.433446, 20.608108, 19.973624, 19.405405, 20.015111, 19.759065, 20.790793, 20.543262, 19.980942, 19.748628, 19.983428, 20.485707, 20.580243]",,,,
Ackley,LLH:swap-fluid,18.463208227111483,19.845960191832464,19.925045146419322,0.5797296193072179,20.806823654082148,0.0,-1,0.111135999361674,"[20.262902, 20.498487, 18.463208, 18.95442, 18.703778, 19.073865, 19.776852, 19.799712, 19.898522, 19.37924, 20.003224, 20.434696, 19.173978, 20.146888, 20.144602, 19.87034, 19.057246, 19.387513, 20.579951, 20.10753, 19.621, 19.900852, 20.223864, 20.806824, 20.297585, 19.761888, 19.949238, 20.214801, 20.529921, 20.355876]",,,,
Rosenbrock,HH-UCB,5.064378246746109,40.74527190229775,10.861730378245078,65.6474319259583,304.9147797111756,0.0,-1,0.203212300936381,"[7.936095, 304.91478, 63.345029, 17.605071, 7.843675, 202.833785, 8.568587, 24.543264, 6.825334, 5.064378, 10.680738, 9.420286, 9.448703, 129.002969, 9.063817, 10.561145, 6.153249, 9.309427, 69.829695, 12.427896, 11.042722, 30.193513, 8.185569, 76.816238, 25.217865, 9.459097, 95.917571, 14.142549, 8.792067, 17.213044]",,,,
Rosenbrock,HH-Random,1.0589875186840678,48.71422755603215,13.240020245862464,65.77835704205295,307.56300992077195,0.0,-1,0.19657803376515706,"[80.819301, 2.962963, 307.56301, 104.857237, 63.968158, 4.873787, 84.784908, 48.950646, 5.727984, 10.89079, 2.927526, 65.684791, 88.308485, 16.086678, 84.951109, 1.058988, 5.394259, 8.893554, 13.406062, 94.771247, 13.073978, 4.948595, 23.475366, 9.715283, 192.687124, 7.111141, 88.759666, 3.398575, 8.676753, 12.698862]",,,,
Rosenbrock,DE,4.9524968349260465,6.622643053754136,6.514490335932315,0.8823581027513003,8.914698824016924,0.0,-1,0.24788525104522705,"[6.590393, 8.444335, 6.314931, 7.547023, 6.855047, 6.98158, 8.914699, 6.127637, 7.209138, 5.355389, 6.917941, 5.4461, 7.017811, 6.93681, 6.21133, 6.217595, 5.480667, 7.852781, 5.807462, 7.354697, 6.211363, 6.438587, 6.080924, 7.582899, 6.40411, 5.83895, 6.616108, 5.999661, 6.970826, 4.952497]",,,,
Rosenbrock,CMA-ES,7.656721598133507e-15,0.5663071546189437,0.08915051131567187,1.0152767985991613,3.9865791124544803,0.5,4131.133333333333,0.13595685164133708,"[2.200384, 0.677489, 1e-06, 0.001693, 0.0, 0.889326, 0.57839, 5.1e-05, 0.037158, 0.156386, 2e-05, 0.000687, 0.797266, 0.065054, 0.0, 0.607798, 0.051987, 3.986579, 0.110996, 0.053848, 0.161579, 0.000143, 0.362145, 0.000226, 4e-06, 0.078227, 2.493234, 3.26917, 0.3093, 0.100074]",,,,
Rosenbrock,LLH:SA,8.834688784329403,54.5227386809801,19.89071486207483,74.9937625249035,318.32776257081304,0.0,-1,0.11494081815083822,"[12.750193, 12.953984, 14.531437, 94.235785, 12.320314, 158.385145, 19.539586, 12.387041, 25.957966, 318.327763, 33.626678, 27.56333, 16.347789, 271.024736, 114.278057, 20.241844, 8.834689, 9.900642, 16.275348, 13.046489, 79.359851, 13.895216, 111.900487, 95.36893, 11.610213, 15.562802, 23.052559, 36.58483, 15.288707, 20.529746]",,,,
Rosenbrock,LLH:Tabu,35.13199857181084,57.11408896643578,51.92142959380837,17.486701497628637,123.89350319109731,0.0,-1,0.14291609128316243,"[48.657572, 67.699253, 48.516308, 85.414141, 40.234212, 40.95078, 68.004092, 51.661535, 35.131999, 42.524147, 58.95266, 123.893503, 37.117034, 45.302954, 69.908208, 57.795823, 54.670963, 79.659399, 68.609098, 51.754097, 44.671008, 44.824752, 63.054378, 53.656784, 64.973158, 70.225394, 50.653334, 46.217269, 46.600053, 52.088762]",,,,
Rosenbrock,LLH:VNS,2.860061992588358,9.880908348169404,7.426573390887938,11.17678660784044,68.14849429141671,0.0,-1,0.17952394485473633,"[9.867487, 5.971237, 7.091484, 7.420987, 4.307547, 8.28701, 9.223637, 7.012076, 8.345461, 7.43216, 6.930361, 16.929718, 8.6263, 5.355921, 12.562581, 5.779278, 4.063911, 9.353315, 11.941772, 12.431036, 5.682286, 6.784642, 6.634568, 2.860062, 5.630739, 68.148494, 8.332595, 6.637007, 9.092181, 7.691396]",,,,
Rosenbrock,LLH:LNS,131.66433272926966,501.9814086867699,455.61500454294924,225.13974552211366,939.1108829925352,0.0,-1,0.24065307776133218,"[637.723108, 395.88159, 763.437323, 330.646308, 547.603727, 230.408347, 936.284334, 348.810185, 457.964069, 352.766153, 708.763184, 432.384336, 393.219509, 453.26594, 500.144789, 368.627258, 255.806062, 204.203957, 850.305431, 499.536546, 460.85802, 939.110883, 880.290921, 162.4659, 746.493223, 357.02446, 689.501277, 627.140704, 131.664333, 397.110385]",,,,
Rosenbrock,LLH:DE/rand/1,0.27073150504529564,1700.223921816071,8.223435023596572,6928.182927540692,37000.47191084918,0.0,-1,0.26077229976654054,"[4.762779, 0.270732, 8.458282, 7.552737, 11.738547, 71.459525, 12510.812192, 10.154336, 1.987937, 9.515662, 7.668057, 4.040637, 37000.471911, 84.451527, 6.889299, 13.724239, 26.473083, 5.680564, 49.333243, 4.026054, 7.885115, 4.4431, 11.632345, 29.820825, 7.556514, 1068.312784, 7.988588, 14.136925, 7.519778, 7.950341]",,,,
Rosenbrock,LLH:DE/best/1,0.9408520186213294,194.68909794420523,19.870197589501487,494.50089679836714,2510.637973337503,0.0,-1,0.2826311826705933,"[25.770597, 84.15052, 96.263402, 7.097945, 5.653413, 10.195524, 66.34965, 2510.637973, 2.044433, 123.927647, 8.02883, 10.283776, 299.809928, 23.923948, 9.130467, 0.940852, 68.190641, 82.496576, 995.025151, 998.399193, 101.507401, 141.004206, 15.816447, 3.786591, 1.391004, 9.18392, 7.366849, 10.543109, 113.909658, 7.843288]",,,,
Rosenbrock,LLH:PSO,18612.26000126889,183544.97801121528,150327.39100718434,122031.47608923411,590501.7942989374,0.0,-1,0.1519114335378011,"[456386.106142, 122718.727682, 90939.252211, 18612.260001, 151406.242242, 186636.529283, 590501.794299, 120237.269515, 208344.489315, 279384.695136, 288976.571618, 227066.427272, 218734.861571, 163234.340558, 167689.345221, 184021.78271, 110142.722958, 156953.933498, 284603.77, 127612.063549, 41822.573151, 145740.357027, 100104.796408, 149248.539772, 90334.965187, 127969.348945, 72372.441021, 411684.783702, 94443.621326, 118424.729017]",,,,
Rosenbrock,LLH:perturb-V,17491.8137693406,161328.32443688967,124170.68682088976,116887.59420649818,586650.8069566367,0.0,-1,0.1016984224319458,"[400168.170649, 104984.136785, 90931.996255, 17491.813769, 106602.402172, 172632.16003, 586650.806957, 117266.299586, 208264.98239, 243627.538567, 155382.001252, 149723.839137, 176071.469741, 162997.699894, 87041.02845, 183335.804899, 104289.405546, 148724.150777, 256613.701417, 127483.031355, 27093.861525, 134150.323507, 97838.409703, 120858.342287, 70680.765968, 120018.503343, 68984.594869, 402670.068482, 92972.483205, 104299.940592]",,,,
Rosenbrock,LLH:perturb-w,13559.717830961094,171609.17288833892,148045.87959585205,119878.47424351732,538680.0373129807,0.0,-1,0.10381086667378743,"[444828.220611, 122662.525981, 90116.412273, 13559.717831, 151041.848564, 183632.160327, 538680.037313, 117613.433385, 207088.483442, 279258.4233, 283057.316666, 189012.544889, 211676.922855, 160183.139579, 166448.746427, 178929.335903, 96954.848059, 155963.726908, 277216.794957, 78633.030128, 41815.112353, 145049.910628, 66040.365094, 140183.811761, 88092.632565, 77311.676541, 47910.280107, 411682.905532, 94221.008495, 89409.814176]",,,,
Rosenbrock,LLH:perturb-share,18255.57989347133,155708.85462645537,129243.99333381158,111369.91287874132,585959.1528889461,0.0,-1,0.1072157621383667,"[336045.251144, 101334.326793, 89959.038955, 18255.579893, 130828.70643, 168962.37556, 585959.152889, 111148.980547, 207792.484399, 271344.616988, 286651.246301, 222558.411534, 196700.407984, 154242.52535, 165249.964866, 156184.016228, 84706.541734, 156703.615027, 279049.638824, 100435.671112, 28003.360788, 110048.556239, 95151.09189, 146956.015709, 89083.211706, 127659.280237, 58448.490362, 59488.793307, 83544.233358, 48770.052637]",,,,
Rosenbrock,LLH:swap-hybrid,11668.467554988494,159821.17265097387,129087.09794192393,115604.55099718408,585848.9074597969,0.0,-1,0.10286555290222169,"[238911.740146, 117165.827332, 67803.9053, 11668.467555, 79184.630993, 174410.842304, 585848.90746, 117965.95346, 180992.621087, 275320.021936, 288405.18301, 155318.829618, 181096.065384, 132142.945522, 166935.187055, 183008.703689, 90832.307508, 133892.763096, 283158.809492, 126031.250362, 35472.661104, 67475.267503, 90025.311723, 144434.569716, 89534.136353, 122733.537582, 65267.024332, 410525.340161, 62589.319767, 116483.048981]",,,,
Rosenbrock,LLH:swap-fluid,17491.81390083334,161328.32776121286,124170.68926296764,116887.5962850724,586650.807770828,0.0,-1,0.10021039644877115,"[400168.194452, 104984.136945, 90931.99743, 17491.813901, 106602.401879, 172632.160281, 586650.807771, 117266.29894, 208264.983995, 243627.558894, 155382.008671, 149723.847985, 176071.468546, 162997.704558, 87041.030102, 183335.805286, 104289.407834, 148724.179058, 256613.702238, 127483.032613, 27093.85955, 134150.317782, 97838.409792, 120858.345912, 70680.765936, 120018.503461, 68984.595177, 402670.068968, 92972.483105, 104299.941776]",,,,
Griewank,HH-UCB,0.1964294104371721,0.7614669473484184,0.785023582008693,0.2161519629726552,1.1503618535256448,0.0,-1,0.21386341253916422,"[0.891444, 0.669606, 0.402097, 0.947701, 1.001933, 0.658247, 1.020422, 0.666165, 1.150362, 0.640476, 0.499883, 0.818076, 0.874411, 0.689502, 0.642538, 0.87091, 0.925998, 0.952119, 1.001592, 0.511186, 0.42815, 0.196429, 0.937912, 0.75589, 0.551989, 0.663591, 1.021486, 0.814157, 0.891922, 0.747812]",,,,
Griewank,HH-Random,0.1423693962165975,0.5204441623703157,0.5487790294155228,0.1971060161957755,1.048677510977455,0.0,-1,0.19890766143798827,"[0.142369, 0.620101, 0.731077, 0.519193, 0.568688, 0.496621, 0.382632, 0.528067, 0.587123, 0.591282, 0.604106, 0.529099, 0.502503, 0.269273, 0.48838, 0.296353, 0.3316, 0.56846, 0.614509, 0.527652, 0.154548, 0.18225, 0.729759, 0.259663, 0.784979, 0.593881, 0.674104, 1.048678, 0.637827, 0.648548]",,,,
Griewank,DE,0.40584578254552084,0.6234231732096923,0.634597269422428,0.07931462615677615,0.7685472359265535,0.0,-1,0.2724552869796753,"[0.61305, 0.704225, 0.577724, 0.582593, 0.734906, 0.663643, 0.563341, 0.655219, 0.405846, 0.693865, 0.55512, 0.508869, 0.589301, 0.702651, 0.570007, 0.679554, 0.631482, 0.676417, 0.691725, 0.559633, 0.696339, 0.698172, 0.619601, 0.660023, 0.510036, 0.768547, 0.494794, 0.637713, 0.65682, 0.60148]",,,,
Griewank,CMA-ES,0.0,0.01025922375270536,0.009860978334413462,0.008895661262298645,0.02951780451814079,0.5666666666666667,1335.1176470588234,0.14822250207265217,"[0.022151, 0.012321, 0.0, 0.017236, 0.0, 0.01478, 0.022151, 0.0, 0.009865, 0.007396, 0.017241, 0.0, 0.009857, 0.009857, 0.0, 0.0, 0.009857, 0.0, 0.029498, 0.014772, 0.017226, 0.0, 0.012316, 0.029518, 0.0, 0.009865, 0.01969, 0.0, 0.012321, 0.009857]",,,,
Griewank,LLH:SA,0.9225332700037434,1.0743710317484074,1.072625254287096,0.08252332397634976,1.2976831895990517,0.0,-1,0.13062615394592286,"[1.053864, 1.117388, 0.994647, 0.975178, 1.122447, 1.170156, 0.922533, 0.978878, 1.143537, 1.107468, 1.10654, 1.047135, 1.199218, 1.1214, 1.065521, 0.971582, 1.05146, 1.064267, 0.985323, 0.983502, 1.040903, 1.154117, 1.133306, 1.297683, 1.097038, 1.07973, 1.086968, 0.99406, 0.979791, 1.18549]",,,,
Griewank,LLH:Tabu,1.370234612264776,1.7040037774288457,1.6852899251430937,0.18114782808584823,2.11038551291077,0.0,-1,0.15880556106567384,"[1.68014, 1.459695, 1.469834, 1.788591, 1.834669, 1.550032, 1.739629, 2.05364, 1.72338, 1.687778, 1.849323, 1.65392, 1.589245, 1.701335, 1.949619, 1.535253, 1.370235, 2.008012, 1.695105, 1.466304, 1.797232, 1.956817, 1.62206, 1.514979, 2.110386, 1.768614, 1.67756, 1.682802, 1.609548, 1.574376]",,,,
Griewank,LLH:VNS,0.2333807988906852,0.5135174459532236,0.44400471251921114,0.20234391106501234,0.9403958403231061,0.0,-1,0.19782330989837646,"[0.233381, 0.428226, 0.407703, 0.348822, 0.358057, 0.393085, 0.790299, 0.454919, 0.618655, 0.270646, 0.368333, 0.422427, 0.850074, 0.916826, 0.450686, 0.263564, 0.594728, 0.466485, 0.370437, 0.940396, 0.919434, 0.519591, 0.424232, 0.448738, 0.812134, 0.525768, 0.387719, 0.342905, 0.637983, 0.439272]",,,,
Griewank,LLH:LNS,3.1374650651122598,5.913136457666044,5.940177382226517,1.6980853622383316,9.779007305076282,0.0,-1,0.27169405619303383,"[5.209628, 6.102161, 4.95711, 5.241446, 4.113797, 6.275697, 6.451278, 6.650545, 8.765536, 5.102792, 6.393522, 3.137465, 6.056854, 3.18707, 9.154593, 7.729424, 6.869837, 3.269197, 4.561164, 8.418593, 5.263348, 5.863801, 7.640846, 4.126555, 4.19454, 4.784419, 6.016554, 6.583396, 5.493918, 9.779007]",,,,
Griewank,LLH:DE/rand/1,0.014772407791743714,0.10232158881589531,0.07393632463591415,0.0996534466619458,0.5130309451212345,0.0,-1,0.28147908846537273,"[0.019697, 0.19133, 0.025011, 0.03416, 0.051648, 0.090338, 0.11459, 0.046897, 0.073739, 0.111447, 0.276318, 0.08715, 0.125586, 0.125108, 0.014772, 0.030298, 0.272309, 0.058159, 0.041822, 0.049275, 0.513031, 0.034681, 0.096046, 0.074133, 0.037478, 0.055146, 0.129379, 0.09774, 0.059916, 0.132442]",,,,
Griewank,LLH:DE/best/1,0.6985194888286766,4.930011684895421,3.677728925569656,4.669557846502812,21.873558545157092,0.0,-1,0.28898884455362955,"[0.762659, 5.810329, 1.384487, 2.456075, 9.40273, 0.829892, 0.816673, 4.106313, 3.695239, 8.819919, 1.976989, 3.66373, 1.255826, 1.299898, 3.691728, 8.444808, 6.644487, 5.213534, 1.920157, 2.062299, 3.469209, 0.698519, 15.334269, 21.873559, 7.53909, 0.708109, 9.431363, 1.725458, 6.481412, 6.381592]",,,,
Griewank,LLH:PSO,91.84315241337089,149.97909349190547,141.67379735235875,38.075516190584615,236.0976653347686,0.0,-1,0.16490309238433837,"[171.747314, 165.460288, 104.831584, 91.843152, 109.789258, 175.772921, 164.587647, 129.000741, 140.089027, 144.096387, 139.500737, 236.097665, 101.786495, 126.948201, 140.845716, 115.796476, 96.269383, 182.191544, 215.165953, 163.608536, 97.18511, 129.212725, 166.503526, 216.35855, 208.229845, 130.116791, 128.843904, 142.501878, 183.745523, 181.245925]",,,,
Griewank,LLH:perturb-V,77.59663131531036,130.8563500537661,123.14502360971838,39.378669407564985,214.37079018254835,0.0,-1,0.11202989419301351,"[126.459781, 106.763759, 86.027626, 87.270594, 77.596631, 95.444562, 112.537285, 128.144167, 133.289861, 98.427762, 132.673808, 214.37079, 92.43728, 126.897957, 112.472049, 114.629519, 85.586691, 108.382844, 206.673363, 163.244651, 95.058703, 119.830266, 155.615623, 208.84209, 207.915035, 113.493765, 128.836026, 140.521243, 179.823678, 166.423091]",,,,
Griewank,LLH:perturb-w,52.92709609297163,129.60302786245921,127.86236292128802,37.49593317760343,207.43698339113269,0.0,-1,0.12128908634185791,"[120.596334, 146.638459, 100.751857, 62.302419, 106.971161, 175.056796, 155.822096, 126.945389, 139.812445, 122.918967, 105.357356, 189.33729, 92.442515, 52.927096, 117.832655, 110.827121, 90.369802, 180.682085, 134.028953, 163.526324, 82.444941, 80.220541, 143.641025, 191.111877, 207.436983, 121.992667, 128.779337, 141.993062, 136.883979, 158.439302]",,,,
Griewank,LLH:perturb-share,52.005070902227864,129.72520657600694,127.61948775177663,42.42650939590647,209.26818731278618,0.0,-1,0.11551342805226644,"[156.904431, 129.943277, 104.776068, 84.350473, 104.846594, 159.969128, 149.027708, 61.158489, 120.665583, 143.989891, 137.196309, 208.966246, 66.115802, 123.093625, 123.093677, 108.583112, 52.005071, 179.683426, 158.257746, 78.924006, 96.276331, 125.322211, 159.487707, 209.268187, 204.514196, 129.916764, 80.359697, 95.846253, 161.562683, 177.651505]",,,,
Griewank,LLH:swap-hybrid,88.21545681739994,139.5024177945803,134.6417083176387,36.38100625645137,214.6303887685882,0.0,-1,0.10843003590901693,"[170.796763, 165.448873, 88.215457, 91.210508, 107.732649, 158.832398, 163.353517, 104.029452, 128.286221, 142.483203, 137.908571, 160.210523, 89.852939, 120.863707, 134.275243, 102.583283, 93.325627, 165.661222, 214.35587, 149.439647, 92.541426, 117.109654, 119.588036, 214.630389, 207.83349, 126.945357, 127.853872, 135.008173, 177.24145, 177.455013]",,,,
Griewank,LLH:swap-fluid,77.59670059095086,130.85640013760332,123.14510141263887,39.37865878129768,214.37079014553996,0.0,-1,0.1108403205871582,"[126.459801, 106.763759, 86.027628, 87.270675, 77.596701, 95.444562, 112.537303, 128.144226, 133.289861, 98.427762, 132.673808, 214.37079, 92.437285, 126.897964, 112.472312, 114.629526, 85.586742, 108.383246, 206.673395, 163.244649, 95.058704, 119.830402, 155.615636, 208.842194, 207.91504, 113.493768, 128.836027, 140.521461, 179.823678, 166.423098]",,,,
Schwefel,HH-UCB,238.4373036139641,612.1375498902581,594.9980569113411,203.4151521068543,1054.4752404583683,0.0,-1,0.18404332796732584,"[357.410042, 542.596566, 357.240802, 594.01605, 420.664346, 425.628268, 680.177624, 462.794182, 609.594285, 783.835559, 643.903305, 522.051576, 554.221355, 607.855711, 755.42553, 464.69564, 584.005199, 238.437304, 248.452285, 830.667034, 595.54461, 691.076666, 418.28921, 594.451504, 714.378722, 812.288811, 1054.47524, 969.478374, 890.675135, 939.795561]",,,,
Schwefel,HH-Random,124.08546163962728,541.5085554037282,544.7054247320436,209.55554278621855,1129.740246214275,0.0,-1,0.16335734526316326,"[434.589375, 753.308211, 652.856747, 533.961971, 423.129025, 411.83656, 443.943335, 692.531998, 932.453441, 416.446146, 595.013306, 1129.740246, 261.414438, 595.764163, 693.508093, 238.807282, 355.559202, 594.91609, 247.558724, 555.448878, 479.566165, 811.09751, 474.197563, 635.975487, 460.510527, 652.849933, 356.615503, 124.085462, 574.102651, 713.468627]",,,,
Schwefel,DE,821.0040080366043,1390.770070577573,1415.9169359155605,271.40997228984264,1900.935328515653,0.0,-1,0.2189160426457723,"[1741.479354, 1773.993581, 1144.986959, 1651.220776, 1567.182039, 979.425388, 821.004008, 1622.365723, 1775.030619, 1304.01306, 1304.237863, 1464.829443, 1505.46115, 1900.935329, 1085.319597, 1367.004429, 1084.124193, 1523.709864, 1514.029267, 1111.935932, 1698.61257, 1287.71955, 1259.691312, 1539.951648, 1520.218045, 1616.497266, 1085.401581, 1138.868564, 1058.14556, 1275.707451]",,,,
Schwefel,CMA-ES,809.3313424627631,1449.4637124480882,1381.8592829152117,430.97672346973786,2605.966622439336,0.0,-1,0.1143471876780192,"[2605.966622, 1756.925577, 986.999722, 1461.267352, 2173.043952, 1302.965506, 1322.669604, 1679.56747, 2033.262389, 1835.948889, 888.298387, 1322.610627, 967.262722, 1283.117582, 1223.909292, 868.561387, 1401.577671, 1382.300307, 1381.899649, 1900.963189, 1223.906583, 1381.818917, 1559.520198, 1740.157139, 1697.776264, 809.331342, 2132.180383, 929.286737, 1263.461314, 967.3546]",,,,
Schwefel,LLH:SA,252.6701906557605,1222.781541782486,1275.844225795061,360.7899308865191,2044.4262656818678,0.0,-1,0.0958707094192505,"[1019.404457, 805.724956, 868.863117, 572.715689, 1260.840888, 1489.245611, 2044.426266, 1122.816293, 1304.140388, 668.291555, 1295.163835, 1386.57857, 1318.932467, 1739.412848, 1365.105598, 1356.735075, 965.154394, 1214.919801, 1346.018436, 1513.317992, 1616.455659, 1181.88503, 976.529917, 1275.820729, 1213.764024, 1275.867723, 1105.922065, 1835.479468, 252.670191, 1291.243216]",,,,
Schwefel,LLH:Tabu,776.4854778677313,1425.4819782180386,1414.0250866516337,319.2836386790936,2259.350132109787,0.0,-1,0.12218820254007975,"[1747.732171, 1224.441185, 1754.038921, 1673.51232, 950.843713, 1395.670032, 776.485478, 1762.345361, 1078.638311, 1317.832195, 1366.588332, 1810.496079, 1378.465264, 1594.926718, 1130.784903, 1148.810648, 1656.834583, 2259.350132, 1726.426526, 1556.820099, 1512.387627, 1178.988466, 1578.230481, 1054.622895, 1041.026943, 1219.454677, 1096.977318, 1432.380141, 1634.712239, 1704.635588]",,,,
Schwefel,LLH:VNS,119.84462455320272,515.9575586417631,475.9898420162749,186.13389955056397,1048.391286588745,0.0,-1,0.1582466999689738,"[594.174906, 356.763633, 411.12063, 119.844625, 455.875852, 836.707998, 465.946093, 357.975863, 276.836291, 475.938766, 476.631696, 593.370427, 1048.391287, 577.537422, 573.730911, 594.450406, 475.321212, 593.911151, 455.468953, 356.139808, 475.986166, 832.490678, 712.421505, 355.599679, 475.993518, 239.251098, 474.186316, 744.254977, 476.656794, 595.748101]",,,,
Schwefel,LLH:LNS,319.5631984143283,538.3464149978607,519.3331057256617,135.79411745051766,792.1284963596004,0.0,-1,0.228738276163737,"[707.81231, 626.515765, 324.754741, 644.154989, 342.902328, 785.871067, 602.644569, 549.330767, 651.146995, 487.226388, 503.586548, 462.377999, 395.054519, 381.952435, 535.079663, 408.263156, 792.128496, 540.203318, 385.613101, 431.740426, 489.597185, 470.646594, 724.818046, 319.563198, 654.759012, 668.592977, 499.850892, 432.460523, 604.653657, 727.090787]",,,,
Schwefel,LLH:DE/rand/1,476.78745748208667,966.4345976528732,936.4381927872951,281.54753993770174,1561.83605336771,0.0,-1,0.24338587125142416,"[1055.904839, 868.175789, 1169.197525, 976.295148, 714.529122, 1428.845313, 1176.853675, 1075.624326, 783.263744, 595.225792, 798.820798, 547.183112, 1105.972058, 1561.836053, 832.302631, 855.499133, 832.685057, 1200.932769, 960.619301, 1095.816852, 476.787457, 1548.800707, 912.257085, 838.579458, 1060.935598, 870.501822, 652.74409, 1077.623987, 1400.864339, 518.360347]",,,,
Schwefel,LLH:DE/best/1,690.8931602980792,1337.8475404796554,1352.2169785544581,330.8849807207633,2083.30114956025,0.0,-1,0.25925859610239665,"[1342.347633, 749.651403, 929.286737, 1291.982113, 1442.738631, 1642.983765, 1106.988017, 1264.91237, 690.89316, 1424.315889, 1529.377169, 1541.281214, 751.705595, 1486.558298, 986.999722, 1362.086324, 1720.511772, 1283.150901, 1903.976589, 1675.62202, 1223.873702, 1302.965519, 1287.635859, 1758.498922, 1465.304239, 848.91652, 1365.083233, 1445.567239, 1226.91051, 2083.30115]",,,,
Schwefel,LLH:PSO,2379.2996754517253,3126.088054156251,3132.3510358427848,350.6365486416298,3863.492620468028,0.0,-1,0.13250358104705812,"[2955.297284, 2858.342688, 3086.220373, 2977.845444, 2442.622249, 3648.797117, 2496.976321, 3241.623633, 3286.959974, 3725.234892, 3129.293778, 3288.447314, 3206.745046, 3220.810078, 3078.511696, 3118.720871, 3135.244268, 3096.330493, 3176.283998, 2834.742771, 3497.898744, 3129.457804, 2892.899521, 2575.406985, 3863.49262, 3270.521219, 2379.299675, 3298.675024, 3264.265131, 3605.674613]",,,,
Schwefel,LLH:perturb-V,1880.4861520440609,2839.2167861900507,2860.7641271590355,426.125784311685,3722.3046779699025,0.0,-1,0.08569039503733317,"[2478.325172, 2709.487475, 2691.285176, 2259.826644, 2417.343159, 3398.924677, 1983.004889, 2938.872486, 2875.543216, 3722.304678, 2722.771236, 2917.043762, 3197.173146, 2777.967198, 3078.477023, 3112.044929, 2974.414571, 3095.919629, 2845.985038, 2597.54486, 2877.255887, 2828.328668, 2739.005807, 2158.760643, 3623.375144, 3027.950712, 1880.486152, 3194.970001, 2664.877754, 3387.233855]",,,,
Schwefel,LLH:perturb-w,2244.172994137833,2837.0012649375435,2858.440931850694,347.5326395024296,3640.551590305067,0.0,-1,0.08806063334147135,"[2688.12392, 2762.252685, 2632.234444, 2561.648172, 2422.277856, 3048.590364, 2289.889996, 3056.528632, 3105.718634, 3640.55159, 3074.791843, 2819.337368, 2899.102206, 3055.076622, 2244.172994, 3076.812369, 2648.517481, 2568.377257, 3086.943946, 2811.113609, 3293.059074, 2897.544495, 2474.02779, 2353.684456, 3612.28384, 2975.630107, 2328.340513, 2966.716094, 2728.20455, 2988.48504]",,,,
Schwefel,LLH:perturb-share,2011.0182304390287,2870.8479222436017,2931.369937478856,342.02116445784003,3505.42432858377,0.0,-1,0.08966968854268392,"[2702.367244, 2562.707664, 2977.053304, 2971.42429, 2365.219014, 3061.104526, 2369.782207, 2806.658024, 3253.473313, 2932.74336, 2948.968714, 2893.536064, 2983.982715, 2806.745087, 2886.845761, 2968.373468, 2825.723328, 2929.996515, 3175.76182, 2271.39706, 3297.082197, 3088.715915, 2853.518315, 2219.263706, 3505.424329, 3034.481076, 2011.01823, 2880.830432, 3140.826481, 3400.413508]",,,,
Schwefel,LLH:swap-hybrid,1614.7934672756269,2761.7499446683373,2809.102745118712,372.67015879266927,3480.494806375503,0.0,-1,0.08700970013936361,"[2909.162687, 2520.24983, 2540.881614, 2856.915075, 1614.793467, 3409.10431, 2108.427441, 2679.207616, 2814.20149, 3392.213885, 2418.731059, 2769.135533, 2894.882395, 2758.641465, 2983.851076, 2546.30983, 2942.540588, 2687.622587, 2940.127573, 2804.004, 3065.846262, 2922.969454, 2751.968953, 2293.960158, 3025.80425, 2867.656072, 2357.727489, 2576.357422, 2918.709952, 3480.494806]",,,,
Schwefel,LLH:swap-fluid,1880.4861554612762,2808.647101734331,2824.3814382637174,407.7284456548903,3722.305754892931,0.0,-1,0.0821160634358724,"[2478.325191, 2709.487555, 2691.285268, 2259.828616, 2417.343068, 3398.924669, 1983.004855, 2820.434216, 2787.682254, 3722.305755, 2722.771612, 2917.045595, 3078.734679, 2777.765031, 2960.042822, 2993.61016, 2855.976225, 3095.932359, 2845.987627, 2597.545797, 2877.256375, 2828.328661, 2739.009198, 2158.765236, 3504.936899, 3027.953227, 1880.486155, 3076.531883, 2664.877754, 3387.234309]",,,,
WeldedBeam,HH-UCB,1.7263428937018703,1.819434576310716,1.7761770798901357,0.09304968683119655,2.035967624510024,0.16666666666666666,1528.8,0.26774043242136636,"[1.741043, 1.76732, 2.005953, 1.734351, 1.773705, 1.855494, 1.775879, 1.731849, 1.776475, 2.035968, 1.805726, 1.900877, 1.760511, 1.735885, 1.753806, 1.771656, 1.801364, 1.726343, 1.764175, 1.996208, 1.801339, 1.755346, 1.860207, 1.742559, 1.937895, 1.849748, 2.016537, 1.89077, 1.78273, 1.731321]",,,,
WeldedBeam,HH-Random,1.7261486631196923,1.775007665687869,1.7471987186123952,0.06672162470703544,2.0684381211897467,0.4,2486.5833333333335,0.2501652240753174,"[1.742069, 1.8097, 2.068438, 1.727859, 1.829707, 1.817681, 1.731687, 1.782555, 1.844399, 1.726529, 1.784226, 1.751053, 1.738179, 1.726149, 1.759619, 1.732713, 1.733093, 1.730369, 1.78062, 1.792392, 1.73732, 1.756769, 1.740636, 1.859557, 1.738688, 1.739959, 1.743344, 1.829603, 1.761929, 1.733387]",,,,
WeldedBeam,DE,1.7248617587371418,1.7249219677775123,1.7249071805921368,5.547780314217307e-05,1.7251174056974894,1.0,2334.233333333333,0.3229161898295085,"[1.724882, 1.724886, 1.725005, 1.724922, 1.724922, 1.724862, 1.725089, 1.724918, 1.72489, 1.724924, 1.724925, 1.724932, 1.724885, 1.72488, 1.724949, 1.724901, 1.724943, 1.724897, 1.72493, 1.724869, 1.725117, 1.7249, 1.724908, 1.724914, 1.72489, 1.724894, 1.724903, 1.724912, 1.724905, 1.724907]",,,,
WeldedBeam,CMA-ES,1.7248509547730164,1.7323411865631542,1.7248577829929168,0.017076724047956817,1.7890737100848866,0.8333333333333334,2738.88,0.1895250717798869,"[1.724852, 1.728588, 1.789074, 1.725501, 1.725039, 1.724889, 1.724863, 1.783615, 1.728776, 1.724851, 1.726233, 1.724852, 1.724851, 1.724851, 1.746525, 1.724851, 1.724851, 1.724851, 1.769054, 1.72492, 1.724851, 1.724851, 1.724851, 1.724851, 1.724853, 1.731989, 1.724851, 1.724851, 1.743489, 1.724913]",,,,
WeldedBeam,LLH:SA,1.7399556875654936,1.8016196186711801,1.779114825274193,0.0642939592504728,1.9785969562585801,0.03333333333333333,4929.0,0.17401773929595948,"[1.978597, 1.853484, 1.862866, 1.77943, 1.865537, 1.791354, 1.787189, 1.962638, 1.750439, 1.860288, 1.770697, 1.744473, 1.769913, 1.758479, 1.789481, 1.741958, 1.795079, 1.769, 1.765745, 1.795138, 1.748879, 1.94607, 1.763557, 1.778799, 1.748099, 1.817803, 1.752692, 1.768138, 1.739956, 1.79281]",,,,
WeldedBeam,LLH:Tabu,1.7632022055252814,1.832769873400132,1.8233163129244567,0.0424297147842052,1.9443379325957801,0.0,-1,0.20263429482777914,"[1.847962, 1.805214, 1.811655, 1.763202, 1.786745, 1.797702, 1.830248, 1.826633, 1.816139, 1.938254, 1.822746, 1.805544, 1.825164, 1.813198, 1.813938, 1.847496, 1.792834, 1.858078, 1.823886, 1.800486, 1.819762, 1.932566, 1.832497, 1.944338, 1.81491, 1.888204, 1.846277, 1.798057, 1.851421, 1.827941]",,,,
WeldedBeam,LLH:VNS,1.7320908281239062,1.904118684087809,1.7794440063995705,0.25987740890594546,2.8621956379638087,0.13333333333333333,3496.5,0.23236066500345867,"[2.862196, 1.76902, 1.778472, 1.876673, 1.757226, 1.780416, 1.733768, 1.736658, 1.774512, 1.800302, 2.030813, 1.742278, 1.757521, 1.747841, 1.732091, 1.890756, 1.878941, 1.754032, 2.430718, 1.743292, 1.905196, 2.270456, 1.733726, 1.746364, 2.370114, 2.050567, 1.80582, 1.746745, 1.816162, 2.100884]",,,,
WeldedBeam,LLH:LNS,1.9025402145926407,3.1884652794826898,2.963508792734248,0.9950360438302536,6.422580275557635,0.0,-1,0.29993077119191486,"[4.969316, 4.053552, 2.447312, 2.104855, 2.642255, 2.053787, 3.108249, 4.292127, 4.391118, 3.030776, 3.696424, 2.896242, 2.793387, 4.441519, 1.90254, 3.388936, 2.357487, 3.645407, 2.083575, 2.749566, 3.506705, 1.95618, 2.718923, 3.412436, 3.671889, 3.151057, 2.43115, 6.42258, 2.662901, 2.671706]",,,,
WeldedBeam,LLH:DE/rand/1,1.7248509548734332,1.7300595038545936,1.724851073046816,0.01686278014114957,1.8150447315290141,0.9333333333333333,1637.357142857143,0.3276572942733765,"[1.724851, 1.724851, 1.724861, 1.724851, 1.724851, 1.724854, 1.724854, 1.750702, 1.724851, 1.724853, 1.735738, 1.724851, 1.724851, 1.724852, 1.724851, 1.725044, 1.724851, 1.739755, 1.724851, 1.815045, 1.739014, 1.724851, 1.724851, 1.724851, 1.724851, 1.724851, 1.724851, 1.724856, 1.724851, 1.724891]",,,,
WeldedBeam,LLH:DE/best/1,1.7248509547724562,2.0059062983399443,1.724854174845393,0.5582972064681146,3.750051270077372,0.6666666666666666,1567.55,0.3448520024617513,"[2.663881, 1.724851, 1.955859, 1.724882, 2.082233, 1.724855, 2.742886, 1.726379, 1.725015, 1.814292, 2.6865, 1.724853, 1.759717, 1.724851, 1.724852, 1.724851, 1.724851, 3.750051, 1.724851, 1.724851, 1.724851, 1.724851, 1.724941, 1.724851, 2.502957, 1.724851, 1.724852, 1.724851, 1.724851, 3.719972]",,,,
WeldedBeam,LLH:PSO,3.934566025492764,767144.7719472856,1000169.6625997669,423213.7127550927,1001989.7478353415,0.0,-1,0.1996056874593099,"[6.529381, 1000458.222215, 3.934566, 1001040.178713, 1000584.680347, 1001042.212241, 1000080.402003, 1001260.17146, 1000216.432476, 1000317.022148, 6.56684, 1001206.281989, 1001522.422067, 5.861247, 1000116.110205, 1000105.033218, 1000822.228773, 1000122.892724, 1001352.878328, 1000932.740167, 1000056.012716, 4.390417, 1000003.970096, 5.732168, 3.999838, 1000032.305535, 1000013.632357, 1000528.967609, 1000501.598739, 1001989.747835]",,,,
WeldedBeam,LLH:perturb-V,2.7956868967241038,300143.26473579835,4.655534739018141,458469.95767486823,1001257.6111193207,0.0,-1,0.15587432384490968,"[5.338556, 1000129.673058, 3.884837, 4.210732, 4.363468, 3.952397, 1000064.730115, 1001257.611119, 4.292097, 1000218.561836, 5.29937, 3.127272, 3.654037, 5.278911, 1000063.578713, 5.173868, 3.117675, 4.330206, 2.795687, 1000883.024764, 4.12903, 4.315701, 4.53029, 4.78078, 3.786242, 4.179524, 5.183389, 1000246.872936, 1000120.346219, 1001223.819244]",,,,
WeldedBeam,LLH:perturb-w,2.1509406427979423,466925.6785567911,10.455007670921217,499158.8836238649,1001394.1200143701,0.0,-1,0.1593063513437907,"[6.126583, 1000239.503613, 2.402626, 1000960.581648, 1000448.748107, 1000949.105912, 4.814661, 5.25512, 13.172734, 1000081.524377, 5.316969, 1000992.453602, 1001394.120014, 4.621092, 2.920228, 1000091.519592, 1000369.533532, 7.737282, 1001024.320517, 5.819018, 6.532186, 2.150941, 5.155577, 4.682005, 3.799329, 5.586556, 1000005.896534, 1000328.103103, 1000049.166222, 1000749.687024]",,,,
WeldedBeam,LLH:perturb-share,3.605110431258832,700340.8424544155,1000102.3822844533,458477.51616141765,1001522.4220668657,0.0,-1,0.16129504044850668,"[6.323788, 1000185.507248, 3.639838, 1001040.178713, 1000584.680347, 1001042.212241, 5.534591, 1000418.841427, 1000216.432476, 1000045.568644, 5.897429, 1001206.281989, 1001522.422067, 5.194487, 1000116.110205, 1000088.654363, 1000822.228773, 1000122.892724, 1001352.878328, 6.953281, 1000056.012716, 3.60511, 1000003.970096, 5.172207, 3.897574, 1000032.305535, 1000004.194411, 1000222.454355, 1000501.598739, 1000593.629927]",,,,
WeldedBeam,LLH:swap-hybrid,3.7651391419871705,733694.8832110504,1000102.3822844533,442432.2035070619,1001522.4220668657,0.0,-1,0.157237180074056,"[5.248871, 1000185.507248, 3.859525, 1001040.178713, 1000584.680347, 1001042.212241, 4.759413, 1000745.786321, 1000216.432476, 1000045.568644, 4.542922, 1001206.281989, 1001522.422067, 4.985006, 1000116.110205, 1000088.654363, 1000822.228773, 1000122.892724, 1001352.878328, 1000021.074867, 1000056.012716, 4.189287, 1000003.970096, 3.765139, 3.766338, 1000032.305535, 1000004.194411, 1000506.759098, 1000501.598739, 1000593.629927]",,,,
WeldedBeam,LLH:swap-fluid,3.605300093828137,700340.8508999661,1000102.3822844533,458477.52041373577,1001522.4220668657,0.0,-1,0.15672051906585693,"[6.323335, 1000185.507248, 3.645749, 1001040.178713, 1000584.680347, 1001042.212241, 5.534928, 1000419.077259, 1000216.432476, 1000045.568644, 5.901938, 1001206.281989, 1001522.422067, 5.198215, 1000116.110205, 1000088.654363, 1000822.228773, 1000122.892724, 1001352.878328, 6.952699, 1000056.012716, 3.6053, 1000003.970096, 5.173165, 3.900512, 1000032.305535, 1000004.194411, 1000222.454355, 1000501.598739, 1000593.629927]",,,,
PressureVessel,HH-UCB,5916.213211029381,6442.925521303855,6281.235469705671,491.0702586531448,7336.182541876669,0.43333333333333335,1400.3846153846155,0.22933039665222169,"[6501.433079, 6057.58888, 7127.547056, 6439.964765, 7094.946845, 6325.515208, 5968.943929, 6595.558936, 6202.500199, 6337.994211, 6077.553158, 7073.732553, 6005.942772, 6236.955731, 6056.203441, 5955.441796, 7315.945742, 5935.93624, 6624.811943, 7320.995126, 6086.576048, 6451.208446, 6036.033836, 6048.016924, 7330.084214, 6842.201275, 6053.848431, 7336.182542, 5931.8891, 5916.213211]",,,,
PressureVessel,HH-Random,5911.290564105982,6503.529260138503,6381.185795367743,432.91551514569966,7446.615213234573,0.23333333333333334,1570.4285714285713,0.20024781227111815,"[6660.941522, 6585.626272, 6674.452124, 7337.140926, 6447.010626, 7184.962337, 6005.837376, 5911.290564, 6976.392001, 6296.978418, 6034.113375, 6264.507101, 7044.35572, 6987.9188, 6009.821026, 7446.615213, 6113.40874, 6981.399475, 6274.736722, 6064.290735, 7027.023255, 6196.388809, 5987.522459, 6556.322805, 6465.430896, 6315.360964, 6248.961949, 6626.835103, 6089.545889, 6290.6866]",,,,
PressureVessel,DE,5885.411779034287,5885.97330132357,5885.8149924775125,0.5939116980928709,5888.300793139625,1.0,1888.0,0.26220738093058266,"[5885.487734, 5885.97244, 5885.595421, 5885.629411, 5888.300793, 5885.475181, 5885.451538, 5886.370679, 5887.093327, 5886.22404, 5885.715037, 5885.85576, 5886.05851, 5885.668862, 5886.093648, 5885.756262, 5885.440746, 5885.885715, 5885.812789, 5886.001621, 5885.44034, 5885.817196, 5885.780647, 5886.606503, 5885.730902, 5885.411779, 5885.491855, 5886.763184, 5886.339439, 5885.927683]",,,,
PressureVessel,CMA-ES,5885.33487617646,6151.391332070385,6150.1241499035405,180.2996668713011,6626.929178629895,0.4666666666666667,2649.285714285714,0.14618266423543294,"[6438.729762, 6271.350025, 6172.88894, 6081.533262, 6262.739634, 5914.355933, 6351.166629, 6223.776753, 6061.102177, 6456.923874, 5885.729294, 5885.334876, 6055.158276, 5987.784045, 5893.742628, 6271.052823, 6082.856164, 6148.473857, 6071.475216, 5909.747298, 6287.547421, 6190.397058, 6254.292749, 6080.115474, 6243.031556, 5981.941536, 6274.694147, 6626.929179, 6025.094937, 6151.774442]",,,,
PressureVessel,LLH:SA,5979.369345772224,6478.788416445098,6328.451055560839,452.10672198292156,7458.043466562884,0.23333333333333334,4635.571428571428,0.10650261243184407,"[6542.798647, 6159.631681, 7458.043467, 6270.626165, 6835.804429, 6602.2129, 6137.594463, 7414.181428, 6391.366081, 5979.369346, 6764.937967, 7353.032819, 6381.723255, 6502.088064, 6066.996055, 6092.696393, 7456.426136, 6144.356637, 6489.818218, 6318.914578, 6243.077511, 6025.439442, 6256.328379, 6817.048918, 6985.051268, 6037.990977, 6054.142084, 6252.746194, 5991.221457, 6337.987533]",,,,
PressureVessel,LLH:Tabu,6182.890759544647,6678.845657173801,6610.062675051193,415.77439855626704,7874.4569907202895,0.0,-1,0.14396979808807372,"[6561.512082, 6690.63432, 7519.827291, 6278.1364, 6182.89076, 6406.828209, 7287.977254, 6640.158389, 6866.01155, 6450.672957, 6696.387906, 7268.196877, 7081.106763, 7053.151798, 6195.675421, 6884.767025, 6251.796496, 6806.598443, 6291.948278, 6315.584694, 6969.109913, 6811.189969, 6425.462246, 6579.966962, 7874.456991, 6411.328607, 6664.803395, 6377.335881, 6231.32516, 6290.527681]",,,,
PressureVessel,LLH:VNS,5910.362789478113,6475.3442416219195,6440.2272330864225,395.73451397754815,7344.225471744726,0.2,1829.3333333333333,0.18179472287495932,"[7042.497113, 6751.016814, 6904.948624, 7064.214644, 7344.225472, 5972.732471, 6133.904382, 6295.256169, 6423.406774, 5956.810544, 7044.464437, 6877.693736, 6114.655573, 6394.221864, 6989.485153, 5910.362789, 6313.310573, 6460.973252, 6051.833878, 6457.047692, 6535.675284, 6217.003116, 6119.239106, 6834.948393, 6397.597019, 6677.524259, 6484.816073, 6582.58253, 5946.105708, 5961.773807]",,,,
PressureVessel,LLH:LNS,6025.9331862524805,6931.113221789274,6964.021064456733,484.4952094316693,7661.782087178436,0.06666666666666667,2317.0,0.2536690553029378,"[6397.301146, 7259.944712, 6954.281686, 7507.871769, 7661.782087, 6608.204077, 6180.709087, 6950.437217, 7052.412942, 7239.571873, 7443.082757, 7435.737295, 7338.110464, 6344.039772, 6341.057406, 7451.308374, 7554.208936, 7592.814715, 6025.933186, 6864.710295, 7157.911104, 7300.847671, 6274.913929, 6081.168646, 6679.791589, 6965.666774, 6528.001602, 6962.375354, 6628.642252, 7150.557935]",,,,
PressureVessel,LLH:DE/rand/1,5885.325524150648,6007.385941555573,5885.3403368296895,352.5209324844783,7294.880258325636,0.9,1116.037037037037,0.28077932993570964,"[5885.325622, 5885.325562, 5886.560427, 5923.898378, 6001.779912, 6336.369953, 5885.325568, 5885.325525, 7294.880258, 5885.32623, 5885.325524, 5885.325524, 5885.337843, 5885.34283, 5918.372687, 5886.346437, 7273.855065, 5887.054141, 6086.056604, 5885.325545, 5885.325651, 5885.325544, 5885.325524, 5904.087078, 5885.59752, 5885.325598, 5886.015413, 5885.335483, 5885.325553, 5885.455245]",,,,
PressureVessel,LLH:DE/best/1,5885.32552414949,6339.483876276835,6139.047137318244,489.2078353472429,7318.993137424351,0.5,1128.7333333333333,0.2966599067052205,"[5885.325524, 7294.688346, 6311.748286, 6460.912864, 6324.309479, 5900.408049, 6094.288857, 5967.167041, 5885.325524, 6692.376553, 5895.534212, 7231.870673, 7318.993137, 5998.179877, 5965.741509, 6077.939045, 6316.219263, 6540.614588, 5956.651439, 7189.716149, 6071.691652, 7020.143143, 6183.805418, 7318.993137, 6192.944555, 6081.973417, 5962.63147, 6229.740425, 5885.325524, 5929.257131]",,,,
PressureVessel,LLH:PSO,25137.094195225345,66847.10712977665,58218.262380032145,37529.84154905002,211814.29752499342,0.0,-1,0.16190956433614095,"[38117.211568, 45181.512931, 48890.915227, 44190.014574, 80414.659694, 57155.632141, 25137.094195, 31141.619548, 63911.623537, 45557.394796, 86141.332334, 69152.357088, 54031.759547, 50220.727175, 82975.260323, 112752.672749, 74468.769197, 88730.933257, 147426.132891, 72090.494872, 62249.307452, 39381.386418, 57805.955716, 90174.89288, 26882.533791, 58630.569044, 70431.003022, 38790.256213, 31564.894188, 211814.297525]",,,,
PressureVessel,LLH:perturb-V,9862.799095597646,42057.194675837505,36054.123515392756,22653.058076795944,105487.90052727234,0.0,-1,0.10339813232421875,"[18998.375693, 36599.834832, 32406.626328, 26115.96682, 44220.937909, 33676.626991, 23886.020231, 25861.933095, 41229.568048, 23612.906075, 28054.183608, 61209.371799, 49162.061825, 37649.389678, 41736.776628, 77242.776674, 70973.626905, 79505.567062, 77697.70012, 65917.331596, 47180.832503, 19156.86909, 9862.799096, 13826.806488, 24008.628078, 57006.248384, 35508.412199, 33012.152826, 20907.609166, 105487.900527]",,,,
PressureVessel,LLH:perturb-w,20777.380591994908,53867.45213896637,48402.497235426374,26220.927791086702,148460.36482473847,0.0,-1,0.10524148146311442,"[29693.464227, 39978.166586, 41196.75901, 35029.004782, 79595.03346, 48787.441611, 23798.526458, 24516.798981, 46044.357538, 44603.967512, 45888.188956, 63743.523426, 50866.587931, 39972.167057, 48017.55286, 98950.021496, 68106.405261, 71817.330813, 93347.302575, 52099.913316, 58609.03559, 33621.49668, 53626.160875, 84052.72667, 20777.380592, 49029.902723, 53725.250366, 37187.967034, 30880.764957, 148460.364825]",,,,
PressureVessel,LLH:perturb-share,17022.000944807573,40189.817168452675,35879.75728478054,18724.107140884986,92472.22276313757,0.0,-1,0.10033715565999349,"[31025.416467, 34711.440083, 38327.890975, 25220.638451, 67450.153178, 46669.822171, 21854.6668, 21537.045828, 38611.599777, 37048.074487, 47824.898545, 24405.661776, 37778.721004, 33628.171234, 41936.302815, 55891.829239, 27704.402074, 27098.450531, 67997.160713, 24447.894868, 45555.076457, 27565.171855, 55607.287638, 86890.573698, 17022.000945, 27361.737223, 52529.933649, 18827.270239, 30692.99957, 92472.222763]",,,,
PressureVessel,LLH:swap-hybrid,8470.306237109795,43989.39097257083,36698.604441641815,28392.185851905397,139307.6099398266,0.0,-1,0.10181876818339029,"[28114.610192, 17558.294986, 25821.67989, 40656.631955, 46501.949244, 32745.262888, 8470.306237, 16410.308117, 38016.476739, 33095.736106, 85832.334846, 58011.121023, 16765.560564, 23757.235896, 67796.022134, 59232.458852, 37858.578755, 67457.928453, 97428.954172, 45453.768057, 26968.358651, 35538.630128, 54759.445792, 82975.60988, 16725.499145, 19817.108844, 45317.609294, 34416.343276, 16870.295122, 139307.60994]",,,,
PressureVessel,LLH:swap-fluid,17015.149169888915,40207.453394820644,35875.42336209402,18725.244248876163,92486.20725363126,0.0,-1,0.10436429977416992,"[31045.724448, 34699.365772, 38408.098167, 25241.466855, 67438.693772, 46715.453599, 21885.226543, 21538.311718, 38611.718538, 37051.480952, 47841.272051, 24418.111933, 37883.853329, 33657.13656, 41954.755929, 55873.617549, 27703.227563, 27089.097371, 68127.702256, 24449.921861, 45605.24389, 27575.031378, 55596.622892, 86869.792917, 17015.14917, 27376.31506, 52499.642343, 18832.70449, 30732.655686, 92486.207254]",,,,
ETC-Eff-op1,HH-UCB,-0.7603280233250767,-0.7603156866406894,-0.7603120165245756,1.4646136333406402e-05,-0.7602829561348408,1.0,7.933333333333334,0.4408936897913615,"[-0.760312, -0.760328, -0.760312, -0.760328, -0.760328, -0.760328, -0.760312, -0.760328, -0.760328, -0.760312, -0.760283, -0.760312, -0.760328, -0.760312, -0.760285, -0.760328, -0.760328, -0.760312, -0.760312, -0.760328, -0.760312, -0.760328, -0.760283, -0.760283, -0.760312, -0.760312, -0.760328, -0.760328, -0.760312, -0.760328]",0.7603156866406894,0.7603280233250767,1.0,"[2, 0, 0.5178059672679578, 39.73721119574596, 2.651579579852376]"
ETC-Eff-op1,HH-Random,-0.7603280233250767,-0.7603194863648095,-0.7603120165245756,7.985595111124643e-06,-0.7603120165245756,1.0,7.933333333333334,0.33800222078959147,"[-0.760328, -0.760328, -0.760328, -0.760328, -0.760328, -0.760312, -0.760312, -0.760328, -0.760312, -0.760328, -0.760312, -0.760312, -0.760312, -0.760312, -0.760312, -0.760328, -0.760328, -0.760312, -0.760312, -0.760328, -0.760312, -0.760328, -0.760312, -0.760312, -0.760328, -0.760312, -0.760328, -0.760312, -0.760328, -0.760312]",0.7603194863648095,0.7603280233250767,1.0,"[2, 0, 0.6099908370518331, 38.446743002353124, 2.8320330183722318]"
ETC-Eff-op1,DE,-0.7603280233250767,-0.7603242884049597,-0.7603280233250767,6.770117644409902e-06,-0.7603120165245756,1.0,1.0,0.3461207389831543,"[-0.760312, -0.760328, -0.760328, -0.760328, -0.760328, -0.760312, -0.760328, -0.760328, -0.760312, -0.760328, -0.760328, -0.760328, -0.760328, -0.760312, -0.760328, -0.760328, -0.760328, -0.760328, -0.760328, -0.760312, -0.760312, -0.760328, -0.760328, -0.760328, -0.760328, -0.760328, -0.760312, -0.760328, -0.760328, -0.760328]",0.7603242884049597,0.7603280233250767,1.0,"[2, 0, 0.47386896613840607, 52.53448442806636, 2.8997075532014724]"
ETC-Eff-op1,CMA-ES,-0.7603280233250767,-0.7603165107725106,-0.7603200199248261,1.5437842480017628e-05,-0.7602648627345806,1.0,10.333333333333334,0.3051085154215495,"[-0.760312, -0.760283, -0.760328, -0.760283, -0.760312, -0.760312, -0.760328, -0.760312, -0.760312, -0.760328, -0.760328, -0.760312, -0.760328, -0.760328, -0.760312, -0.760328, -0.760328, -0.760312, -0.760328, -0.760328, -0.760265, -0.760312, -0.760312, -0.760312, -0.760328, -0.760312, -0.760328, -0.760328, -0.760328, -0.760328]",0.7603165107725106,0.7603280233250767,1.0,"[2, 0, 0.5612664360788188, 44.67435448374597, 3.3104387791873404]"
ETC-Eff-op1,LLH:SA,-0.7603280233250767,-0.7602977618654466,-0.7603120165245756,3.75419138198152e-05,-0.760209418467274,1.0,7.6,0.31436792214711506,"[-0.760209, -0.760328, -0.760209, -0.760312, -0.760283, -0.760312, -0.760209, -0.760312, -0.760328, -0.760312, -0.760328, -0.760312, -0.760328, -0.760283, -0.760312, -0.760312, -0.760328, -0.760209, -0.760312, -0.760312, -0.760283, -0.760328, -0.760312, -0.760328, -0.760283, -0.760312, -0.760328, -0.760312, -0.760312, -0.760283]",0.7602977618654466,0.7603280233250767,1.0,"[2, 0, 0.4810108473206778, 55.49494403228196, 3.0636724637458035]"
ETC-Eff-op1,LLH:Tabu,-0.7603280233250767,-0.760288051623004,-0.7602829561348408,3.564203665096252e-05,-0.760209418467274,1.0,7.933333333333334,0.3070530335108439,"[-0.760209, -0.760283, -0.760328, -0.760312, -0.760283, -0.760312, -0.760209, -0.760283, -0.760283, -0.760283, -0.760328, -0.760312, -0.760283, -0.760283, -0.760285, -0.760283, -0.760328, -0.760209, -0.760209, -0.760283, -0.760312, -0.760283, -0.760283, -0.760328, -0.760283, -0.760312, -0.760328, -0.760312, -0.760328, -0.760283]",0.760288051623004,0.7603280233250767,1.0,"[2, 0, 0.5011968189684566, 57.85614940035273, 3.025310459685661]"
ETC-Eff-op1,LLH:VNS,-0.7603280233250767,-0.7602929720338897,-0.7603120165245756,3.858118389907997e-05,-0.760209418467274,1.0,8.133333333333333,0.3271215836207072,"[-0.760312, -0.760229, -0.760328, -0.760312, -0.760328, -0.760209, -0.760209, -0.760328, -0.760312, -0.760312, -0.760283, -0.760312, -0.760312, -0.760312, -0.760209, -0.760328, -0.760312, -0.760209, -0.760312, -0.760328, -0.760312, -0.760312, -0.760283, -0.760283, -0.760283, -0.760312, -0.760283, -0.760312, -0.760328, -0.760283]",0.7602929720338897,0.7603280233250767,1.0,"[2, 0, 0.519780386138886, 49.06680459178307, 2.6694857573966524]"
ETC-Eff-op1,LLH:LNS,-0.7603280233250767,-0.7603269562050433,-0.7603280233250767,3.992797555562322e-06,-0.7603120165245756,1.0,10.2,0.33986468315124513,"[-0.760328, -0.760328, -0.760328, -0.760328, -0.760328, -0.760328, -0.760328, -0.760328, -0.760328, -0.760328, -0.760312, -0.760328, -0.760328, -0.760328, -0.760328, -0.760312, -0.760328, -0.760328, -0.760328, -0.760328, -0.760328, -0.760328, -0.760328, -0.760328, -0.760328, -0.760328, -0.760328, -0.760328, -0.760328, -0.760328]",0.7603269562050433,0.7603280233250767,1.0,"[2, 0, 0.6822300730290509, 53.481985985279906, 3.2733044286955777]"
ETC-Eff-op1,LLH:DE/rand/1,-0.7603280233250767,-0.7603133657103798,-0.7603120165245756,1.6295353913824536e-05,-0.7602829561348408,1.0,8.866666666666667,0.34532732963562013,"[-0.760312, -0.760285, -0.760328, -0.760312, -0.760328, -0.760328, -0.760285, -0.760328, -0.760312, -0.760328, -0.760328, -0.760312, -0.760328, -0.760283, -0.760328, -0.760328, -0.760312, -0.760312, -0.760328, -0.760283, -0.760328, -0.760283, -0.760312, -0.760328, -0.760328, -0.760312, -0.760312, -0.760312, -0.760312, -0.760285]",0.7603133657103798,0.7603280233250767,1.0,"[2, 0, 0.48482126370726786, 44.55196338915269, 2.522712665235323]"
ETC-Eff-op1,LLH:DE/best/1,-0.7603280233250767,-0.7602704612214866,-0.7602829561348408,8.555380781263696e-05,-0.7598638572848967,1.0,7.7,0.32802553176879884,"[-0.760312, -0.760312, -0.760328, -0.760209, -0.760328, -0.760312, -0.760209, -0.760312, -0.760328, -0.760283, -0.760244, -0.760283, -0.760283, -0.760209, -0.760283, -0.760215, -0.760283, -0.760209, -0.759864, -0.760328, -0.760265, -0.760283, -0.760283, -0.760244, -0.760328, -0.760312, -0.760312, -0.760312, -0.760328, -0.760312]",0.7602704612214866,0.7603280233250767,1.0,"[2, 0, 0.6399305814216483, 51.81112383367622, 2.6081289396643625]"
ETC-Eff-op1,LLH:PSO,-0.7603120165245756,-0.756686300535209,-0.7599282859279624,0.005846056479018084,-0.7416678331821928,0.8333333333333334,5.44,0.29664291540781657,"[-0.760209, -0.758472, -0.759972, -0.756344, -0.759928, -0.759975, -0.760209, -0.742766, -0.741668, -0.760058, -0.759994, -0.759975, -0.745193, -0.755749, -0.759877, -0.756568, -0.759928, -0.760102, -0.759864, -0.745635, -0.760215, -0.745193, -0.760283, -0.759001, -0.760244, -0.760312, -0.756111, -0.760312, -0.756188, -0.760244]",0.7584536732804239,0.7639411415369654,0.8666666666666667,"[1, 0, 1.4604682293119424, 55.94740981317793, 3.6672700282439097]"
ETC-Eff-op1,LLH:perturb-V,-0.7603120165245756,-0.7586101862496039,-0.7600302738177359,0.0044257576337574595,-0.745193369001778,0.9,6.333333333333333,0.2981450398763021,"[-0.760209, -0.760104, -0.759972, -0.759975, -0.759928, -0.759975, -0.760209, -0.760015, -0.760201, -0.760058, -0.759994, -0.759975, -0.745193, -0.759864, -0.759877, -0.760036, -0.759928, -0.760102, -0.759864, -0.745635, -0.760215, -0.745193, -0.760283, -0.760244, -0.760244, -0.760312, -0.76012, -0.760312, -0.760024, -0.760244]",0.7586101862496039,0.7603120165245756,1.0,"[0, 0, 2.2834796738822694, 39.60036408435602, 2.599705245259066]"
ETC-Eff-op1,LLH:perturb-w,-0.7603280233250767,-0.7579795723027646,-0.7601001344694502,0.004379674049636122,-0.745193369001778,0.9,6.481481481481482,0.30170915921529134,"[-0.760209, -0.758472, -0.760108, -0.756865, -0.7601, -0.760229, -0.760209, -0.759749, -0.759001, -0.76014, -0.760328, -0.760229, -0.745193, -0.75634, -0.7601, -0.757066, -0.7601, -0.760102, -0.759991, -0.745931, -0.760215, -0.745193, -0.760283, -0.759001, -0.760283, -0.760312, -0.756855, -0.760312, -0.756188, -0.760283]",0.7585914760664222,0.7637545141584916,0.8666666666666667,"[1, 0, 0.43560962123641744, 55.94740981317793, 3.6672700282439097]"
ETC-Eff-op1,LLH:perturb-share,-0.7603120165245756,-0.7568101069864894,-0.759984445240597,0.00575766550252519,-0.7418707331576246,0.8333333333333334,5.44,0.28702464898427327,"[-0.760209, -0.759001, -0.760094, -0.756422, -0.760094, -0.759975, -0.760209, -0.742766, -0.741871, -0.760201, -0.759994, -0.759975, -0.745931, -0.755936, -0.759975, -0.756568, -0.760094, -0.760209, -0.759999, -0.745635, -0.760312, -0.745931, -0.760283, -0.759001, -0.760244, -0.760312, -0.756234, -0.760312, -0.756271, -0.760244]",0.7585517052666797,0.7639411415369654,0.8666666666666667,"[1, 0, 1.4604682293119424, 55.94740981317793, 3.6672700282439097]"
ETC-Eff-op1,LLH:swap-hybrid,-0.7603280233250767,-0.756884971039769,-0.7600850591709541,0.00581713889510544,-0.7427656881836419,0.8333333333333334,5.44,0.30504803657531737,"[-0.760285, -0.759166, -0.760088, -0.756344, -0.760083, -0.760312, -0.760285, -0.742766, -0.742766, -0.760058, -0.760201, -0.760312, -0.745193, -0.756221, -0.760194, -0.756694, -0.760083, -0.760265, -0.760215, -0.745635, -0.760215, -0.745193, -0.760283, -0.759749, -0.760328, -0.760312, -0.756175, -0.760312, -0.75649, -0.760328]",0.7585829072410414,0.7639411415369654,0.8666666666666667,"[1, 0, 1.4604682293119424, 55.94740981317793, 3.6672700282439097]"
ETC-Eff-op1,LLH:swap-fluid,-0.7603120165245756,-0.7581731696980356,-0.7599745147323632,0.004508862866962455,-0.7416678331821928,0.9333333333333333,6.892857142857143,0.3367233514785767,"[-0.760209, -0.758472, -0.759972, -0.756344, -0.759928, -0.759975, -0.760209, -0.742766, -0.741668, -0.760058, -0.759994, -0.759975, -0.760244, -0.755749, -0.759877, -0.756568, -0.759928, -0.760102, -0.759864, -0.76014, -0.760215, -0.760244, -0.760283, -0.759001, -0.760244, -0.760312, -0.756111, -0.760312, -0.756188, -0.760244]",0.7599405424432504,0.7639411415369654,0.8666666666666667,"[1, 0, 1.4604682293119424, 55.94740981317793, 3.6672700282439097]"
ETC-Eff-op2,HH-UCB,-0.7363611036790504,-0.7363461993000132,-0.7363611036790504,3.5779573031383125e-05,-0.7362557333491693,1.0,6.533333333333333,0.32283749580383303,"[-0.736361, -0.736361, -0.736361, -0.736361, -0.736361, -0.736361, -0.736361, -0.736335, -0.736361, -0.736361, -0.736361, -0.736361, -0.736361, -0.736361, -0.736256, -0.736361, -0.736361, -0.736361, -0.736361, -0.736361, -0.736361, -0.736361, -0.736256, -0.736361, -0.736361, -0.736361, -0.736361, -0.736361, -0.736256, -0.736256]",0.7363461993000132,0.7363611036790504,1.0,"[2, 0, 2.5132093644240574, 36.11539814424194, 3.505277044084752]"
ETC-Eff-op2,HH-Random,-0.7363611036790504,-0.7363391746113545,-0.7363611036790504,4.197175374059019e-05,-0.7362557333491693,1.0,7.333333333333333,0.32349220116933186,"[-0.736361, -0.736361, -0.736256, -0.736256, -0.736361, -0.736361, -0.736361, -0.736361, -0.736361, -0.736256, -0.736361, -0.736335, -0.736361, -0.736361, -0.736361, -0.736361, -0.736361, -0.736361, -0.736256, -0.736361, -0.736361, -0.736361, -0.736256, -0.736361, -0.736361, -0.736256, -0.736361, -0.736361, -0.736361, -0.736361]",0.7363391746113545,0.7363611036790504,1.0,"[2, 0, 2.6075809224155213, 28.877400029414133, 3.8599643522126117]"
ETC-Eff-op2,DE,-0.7363611036790504,-0.7363556757583577,-0.7363611036790504,2.9230247491412638e-05,-0.7361982660582629,1.0,1.0,0.34117101033528646,"[-0.736361, -0.736361, -0.736361, -0.736361, -0.736361, -0.736361, -0.736361, -0.736361, -0.736361, -0.736361, -0.736361, -0.736361, -0.736361, -0.736361, -0.736361, -0.736361, -0.736361, -0.736361, -0.736361, -0.736361, -0.736361, -0.736361, -0.736361, -0.736361, -0.736361, -0.736361, -0.736198, -0.736361, -0.736361, -0.736361]",0.7363556757583577,0.7363611036790504,1.0,"[2, 0, 2.4789869198772387, 35.00910646387533, 4.327577934468682]"
ETC-Eff-op2,CMA-ES,-0.7363354536274538,-0.7362956119635994,-0.7363354536274538,5.725997939410157e-05,-0.7361982660582629,1.0,7.933333333333334,0.3025598764419556,"[-0.736198, -0.736335, -0.736335, -0.736198, -0.736198, -0.736335, -0.736234, -0.736335, -0.736335, -0.736234, -0.736198, -0.736234, -0.736335, -0.736335, -0.736198, -0.736335, -0.736234, -0.736335, -0.736335, -0.736335, -0.736335, -0.736335, -0.736234, -0.736335, -0.736335, -0.736335, -0.736335, -0.736335, -0.736335, -0.736335]",0.7362956119635994,0.7363354536274538,1.0,"[2, 0, 2.359972961092278, 49.48466123367177, 4.160582165104774]"
ETC-Eff-op2,LLH:SA,-0.7363611036790504,-0.736324169240481,-0.7363611036790504,5.691087427590073e-05,-0.7361982660582629,1.0,6.5,0.30123052597045896,"[-0.73632, -0.736256, -0.736361, -0.736361, -0.736361, -0.736361, -0.736198, -0.736361, -0.736198, -0.736361, -0.736361, -0.736335, -0.736256, -0.736361, -0.736361, -0.736256, -0.736361, -0.736361, -0.736361, -0.736361, -0.736361, -0.736198, -0.736361, -0.736256, -0.736335, -0.736256, -0.736361, -0.736361, -0.736361, -0.736361]",0.736324169240481,0.7363611036790504,1.0,"[2, 0, 2.332906962934035, 28.992826797613326, 3.8458801253104027]"
ETC-Eff-op2,LLH:Tabu,-0.7363611036790504,-0.7362893678690052,-0.7362557333491693,6.269154919269002e-05,-0.7361982660582629,1.0,6.533333333333333,0.30259358088175453,"[-0.736361, -0.736198, -0.736256, -0.736361, -0.736256, -0.736256, -0.736198, -0.736256, -0.736198, -0.736361, -0.736234, -0.736335, -0.736256, -0.736198, -0.736256, -0.736361, -0.736361, -0.736361, -0.736256, -0.736361, -0.736335, -0.736198, -0.736256, -0.736361, -0.736256, -0.736256, -0.736256, -0.736361, -0.736361, -0.736361]",0.7362893678690052,0.7363611036790504,1.0,"[2, 0, 2.5128609900529644, 36.11796742076487, 3.5055474084383524]"
ETC-Eff-op2,LLH:VNS,-0.7363611036790504,-0.7363144867775755,-0.7363611036790504,6.790044306325309e-05,-0.7361982660582629,1.0,8.0,0.30708495775858563,"[-0.736361, -0.736361, -0.736361, -0.736361, -0.736361, -0.736361, -0.736198, -0.736256, -0.736198, -0.736198, -0.736361, -0.736256, -0.736361, -0.736198, -0.736361, -0.736256, -0.736361, -0.736256, -0.736361, -0.736361, -0.736361, -0.736198, -0.736361, -0.736361, -0.736361, -0.736361, -0.736361, -0.736361, -0.736361, -0.736198]",0.7363144867775755,0.7363611036790504,1.0,"[2, 0, 2.287644085989311, 34.42362853718133, 3.8261454589377495]"
ETC-Eff-op2,LLH:LNS,-0.7363611036790504,-0.7363611036790506,-0.7363611036790504,2.220446049250313e-16,-0.7363611036790504,1.0,8.7,0.3177961349487305,"[-0.736361, -0.736361, -0.736361, -0.736361, -0.736361, -0.736361, -0.736361, -0.736361, -0.736361, -0.736361, -0.736361, -0.736361, -0.736361, -0.736361, -0.736361, -0.736361, -0.736361, -0.736361, -0.736361, -0.736361, -0.736361, -0.736361, -0.736361, -0.736361, -0.736361, -0.736361, -0.736361, -0.736361, -0.736361, -0.736361]",0.7363611036790506,0.7363611036790504,1.0,"[2, 0, 2.673871913453296, 29.771666214728153, 3.6688874599993544]"
ETC-Eff-op2,LLH:DE/rand/1,-0.7363611036790504,-0.7362510331389118,-0.7363611036790504,0.00035300319307257345,-0.734374364227528,1.0,7.966666666666667,0.3299926042556763,"[-0.736361, -0.736361, -0.736361, -0.736361, -0.736256, -0.736256, -0.736361, -0.736361, -0.736361, -0.736361, -0.736256, -0.736361, -0.73632, -0.736361, -0.736361, -0.736256, -0.736256, -0.736361, -0.736361, -0.736361, -0.736361, -0.736256, -0.736198, -0.736256, -0.736256, -0.736256, -0.736361, -0.736361, -0.734374, -0.736198]",0.7362510331389118,0.7363611036790504,1.0,"[2, 0, 2.7458670964014855, 25.0, 3.878997286625254]"
ETC-Eff-op2,LLH:DE/best/1,-0.7363611036790504,-0.7360034768204218,-0.7362557333491693,0.0014811615899305713,-0.7280355495822372,0.9666666666666667,6.0,0.34334222475687665,"[-0.736361, -0.736175, -0.736234, -0.736361, -0.736361, -0.736361, -0.736198, -0.736335, -0.736198, -0.736198, -0.736234, -0.736335, -0.73632, -0.736198, -0.736234, -0.736256, -0.736256, -0.736256, -0.736361, -0.736361, -0.736198, -0.736198, -0.736361, -0.736361, -0.736256, -0.736256, -0.736175, -0.736335, -0.728036, -0.736335]",0.7360034768204218,0.7363611036790504,1.0,"[2, 0, 2.3079503202463174, 27.165976428669143, 3.6103895054618658]"
ETC-Eff-op2,LLH:PSO,-0.7363354536274538,-0.734635883492045,-0.7359572639605502,0.0028051562296784655,-0.7245281523126406,0.9,5.037037037037037,0.3002887805302938,"[-0.734028, -0.736042, -0.735947, -0.736177, -0.734056, -0.736069, -0.736198, -0.736069, -0.736198, -0.734325, -0.733968, -0.733778, -0.724528, -0.73587, -0.735793, -0.736069, -0.735917, -0.736146, -0.736177, -0.736335, -0.735968, -0.736198, -0.734159, -0.736179, -0.734315, -0.736256, -0.727771, -0.736191, -0.728036, -0.734315]",0.734635883492045,0.7363354536274538,1.0,"[2, 0, 2.693245255785364, 43.775737969186764, 3.9794965877917274]"
ETC-Eff-op2,LLH:perturb-V,-0.7363354536274538,-0.7356818427057532,-0.7360688174638256,0.0020767589629371503,-0.7245281523126406,0.9666666666666667,5.9655172413793105,0.2900442838668823,"[-0.736224, -0.736042, -0.735947, -0.736177, -0.735741, -0.736069, -0.736198, -0.736069, -0.736198, -0.735829, -0.736177, -0.736174, -0.724528, -0.73587, -0.735793, -0.736069, -0.735917, -0.736146, -0.736177, -0.736335, -0.735968, -0.736198, -0.735978, -0.736179, -0.735954, -0.736256, -0.735863, -0.736191, -0.736234, -0.735954]",0.7356818427057532,0.7363354536274538,1.0,"[2, 0, 2.693245255785364, 43.775737969186764, 3.9794965877917274]"
ETC-Eff-op2,LLH:perturb-w,-0.7363611036790504,-0.7347681872379538,-0.7361758386685029,0.002812268040771385,-0.7245281523126406,0.9,5.037037037037037,0.2881359577178955,"[-0.734355, -0.736174, -0.735971, -0.736335, -0.734409, -0.736177, -0.736198, -0.736177, -0.736198, -0.734448, -0.73421, -0.734266, -0.724528, -0.736198, -0.736177, -0.736177, -0.735937, -0.736146, -0.736335, -0.736335, -0.736198, -0.736198, -0.734315, -0.736361, -0.734315, -0.736256, -0.727972, -0.73632, -0.728041, -0.734315]",0.7347681872379538,0.7363611036790504,1.0,"[2, 0, 2.3791904959719505, 33.669383227430146, 4.311725117349521]"
ETC-Eff-op2,LLH:perturb-share,-0.7363611036790504,-0.734673898905612,-0.7359617962804024,0.002782182450710326,-0.7247006032724297,0.9,5.037037037037037,0.2970221678415934,"[-0.734028, -0.736042, -0.735954, -0.736177, -0.734056, -0.736069, -0.736198, -0.736069, -0.736198, -0.734325, -0.734211, -0.733953, -0.724701, -0.73587, -0.735845, -0.736069, -0.735954, -0.736177, -0.736177, -0.736361, -0.73597, -0.736198, -0.734288, -0.736179, -0.734448, -0.736256, -0.727771, -0.736191, -0.728036, -0.734448]",0.734673898905612,0.7363611036790504,1.0,"[2, 0, 2.693245255785364, 26.47419967215592, 3.9794965877917274]"
ETC-Eff-op2,LLH:swap-hybrid,-0.7363354536274538,-0.7347280845465707,-0.7361699330865934,0.0028156104993186334,-0.7245281523126406,0.9,5.037037037037037,0.31037067572275795,"[-0.734228, -0.736163, -0.736053, -0.736177, -0.734067, -0.736177, -0.736335, -0.736177, -0.736335, -0.734325, -0.734196, -0.73422, -0.724528, -0.736177, -0.735815, -0.736177, -0.736033, -0.736256, -0.736177, -0.736335, -0.736182, -0.736335, -0.734159, -0.736179, -0.734315, -0.736256, -0.727924, -0.736191, -0.728036, -0.734315]",0.7347280845465707,0.7363354536274538,1.0,"[2, 0, 2.5724784478660685, 57.24782323648859, 3.73075315647101]"
ETC-Eff-op2,LLH:swap-fluid,-0.7363354536274538,-0.7349621052212664,-0.7359572639605502,0.0020881513994614673,-0.7277714584435165,0.9333333333333333,5.5,0.3009018023808797,"[-0.734028, -0.736042, -0.735947, -0.736177, -0.734056, -0.736069, -0.736198, -0.736069, -0.736198, -0.734325, -0.733968, -0.733778, -0.734315, -0.73587, -0.735793, -0.736069, -0.735917, -0.736146, -0.736177, -0.736335, -0.735968, -0.736198, -0.734159, -0.736179, -0.734315, -0.736256, -0.727771, -0.736191, -0.728036, -0.734315]",0.7349621052212664,0.7363354536274538,1.0,"[2, 0, 2.693245255785364, 43.775737969186764, 3.9794965877917274]"
ETC-PEC-op1,HH-UCB,-1.0105262827990658,-1.0105245736557904,-1.0105262827990658,3.821760547222931e-06,-1.010516027939413,1.0,11.066666666666666,0.23101868629455566,"[-1.010526, -1.010526, -1.010526, -1.010526, -1.010526, -1.010526, -1.010526, -1.010526, -1.010516, -1.010526, -1.010526, -1.010526, -1.010526, -1.010526, -1.010526, -1.010526, -1.010526, -1.010526, -1.010516, -1.010516, -1.010526, -1.010526, -1.010526, -1.010526, -1.010526, -1.010516, -1.010526, -1.010526, -1.010526, -1.010516]",1.0105245736557904,1.0105262827990658,1.0,"[0, 1, 2.8085953934071664, 25.0, 2.0902504956723407]"
ETC-PEC-op1,HH-Random,-1.0105262827990658,-1.01052320634117,-1.0105262827990658,4.699367060001623e-06,-1.010516027939413,1.0,11.233333333333333,0.22452223300933838,"[-1.010526, -1.010526, -1.010526, -1.010516, -1.010516, -1.010526, -1.010526, -1.010516, -1.010526, -1.010526, -1.010526, -1.010516, -1.010526, -1.010526, -1.010516, -1.010526, -1.010526, -1.010526, -1.010526, -1.010526, -1.010526, -1.010516, -1.010526, -1.010526, -1.010526, -1.010516, -1.010526, -1.010516, -1.010526, -1.010516]",1.01052320634117,1.0105262827990658,1.0,"[0, 1, 3.0, 25.0, 2.3564975216240613]"
ETC-PEC-op1,DE,-1.0105262827990658,-1.0105249154844456,-1.0105262827990658,3.4859819652456157e-06,-1.010516027939413,1.0,4.133333333333334,0.23993115425109862,"[-1.010526, -1.010526, -1.010526, -1.010526, -1.010526, -1.010526, -1.010526, -1.010516, -1.010526, -1.010526, -1.010516, -1.010526, -1.010526, -1.010526, -1.010526, -1.010526, -1.010526, -1.010516, -1.010526, -1.010526, -1.010526, -1.010526, -1.010526, -1.010526, -1.010526, -1.010526, -1.010526, -1.010526, -1.010526, -1.010516]",1.0105249154844456,1.0105262827990658,1.0,"[0, 1, 2.878189369070832, 36.566210385982686, 2.1641514224294123]"
ETC-PEC-op1,CMA-ES,-1.0105262827990658,-1.005632336795092,-1.005385305803818,0.0013202968026981281,-1.0048918932591646,1.0,6.533333333333333,0.20255152384440103,"[-1.004892, -1.005385, -1.005385, -1.005385, -1.010516, -1.005385, -1.005385, -1.005385, -1.005385, -1.005385, -1.005385, -1.004892, -1.005385, -1.005385, -1.004892, -1.005385, -1.005385, -1.004992, -1.005385, -1.010526, -1.005385, -1.005385, -1.005385, -1.005385, -1.005385, -1.004892, -1.005385, -1.005385, -1.004892, -1.005385]",1.005632336795092,1.0105262827990658,1.0,"[0, 1, 3.0, 32.456330839164735, 2.476802562549755]"
ETC-PEC-op1,LLH:SA,-1.0105262827990658,-1.0104110561794326,-1.0105262827990658,0.0006091023522741822,-1.0071310133679803,1.0,9.733333333333333,0.21182719071706135,"[-1.010526, -1.010526, -1.010526, -1.010516, -1.010526, -1.010526, -1.007131, -1.010526, -1.010526, -1.010526, -1.010526, -1.010526, -1.010526, -1.010526, -1.010516, -1.010526, -1.010526, -1.010526, -1.010516, -1.010526, -1.010526, -1.010526, -1.010526, -1.010526, -1.010526, -1.010516, -1.010526, -1.010516, -1.010526, -1.010516]",1.0104110561794326,1.0105262827990658,1.0,"[0, 1, 3.0, 25.0, 2.2664548282083405]"
ETC-PEC-op1,LLH:Tabu,-1.0105262827990658,-1.0102921173479715,-1.0105262827990658,0.001251503943214638,-1.0035525935644993,1.0,13.5,0.21459360917409262,"[-1.010526, -1.010526, -1.010526, -1.010516, -1.010516, -1.010526, -1.010526, -1.010526, -1.010526, -1.010526, -1.010526, -1.003553, -1.010526, -1.010526, -1.010526, -1.010526, -1.010526, -1.010526, -1.010516, -1.010526, -1.010526, -1.010526, -1.010526, -1.010526, -1.010526, -1.010526, -1.010526, -1.010516, -1.010526, -1.010516]",1.0102921173479715,1.0105262827990658,1.0,"[0, 1, 2.928260222131301, 32.35550536653825, 2.375849029376148]"
ETC-PEC-op1,LLH:VNS,-1.0105262827990658,-1.0105242318271352,-1.0105262827990658,4.101943861112289e-06,-1.010516027939413,1.0,13.933333333333334,0.22655008633931478,"[-1.010526, -1.010526, -1.010526, -1.010516, -1.010526, -1.010526, -1.010526, -1.010526, -1.010526, -1.010526, -1.010526, -1.010526, -1.010526, -1.010526, -1.010526, -1.010526, -1.010526, -1.010526, -1.010516, -1.010526, -1.010516, -1.010526, -1.010526, -1.010526, -1.010516, -1.010516, -1.010526, -1.010526, -1.010526, -1.010516]",1.0105242318271352,1.0105262827990658,1.0,"[0, 1, 3.0, 37.02880483918964, 1.8090631983309498]"
ETC-PEC-op1,LLH:LNS,-1.0105262827990658,-1.0105259409704108,-1.0105262827990658,1.8408036434752772e-06,-1.010516027939413,1.0,10.166666666666666,0.2319632848103841,"[-1.010526, -1.010526, -1.010526, -1.010526, -1.010526, -1.010526, -1.010526, -1.010526, -1.010526, -1.010526, -1.010526, -1.010526, -1.010526, -1.010526, -1.010526, -1.010526, -1.010526, -1.010526, -1.010516, -1.010526, -1.010526, -1.010526, -1.010526, -1.010526, -1.010526, -1.010526, -1.010526, -1.010526, -1.010526, -1.010526]",1.0105259409704108,1.0105262827990658,1.0,"[0, 1, 2.8845076172945423, 26.463025793364338, 1.8523668191245408]"
ETC-PEC-op1,LLH:DE/rand/1,-1.0105262827990658,-1.0102938175432117,-1.0105262827990658,0.0008575207023129074,-1.0070549568959843,1.0,10.5,0.23076353867848715,"[-1.007055, -1.010526, -1.010526, -1.010516, -1.010516, -1.010526, -1.010516, -1.010516, -1.010516, -1.010526, -1.010526, -1.010516, -1.007116, -1.010526, -1.010526, -1.010526, -1.010526, -1.010526, -1.010526, -1.010516, -1.010526, -1.010526, -1.010526, -1.010526, -1.010526, -1.010526, -1.010526, -1.010516, -1.010526, -1.010516]",1.0102938175432117,1.0105262827990658,1.0,"[0, 1, 2.8887630187744877, 25.0, 2.001743839852996]"
ETC-PEC-op1,LLH:DE/best/1,-1.0105262827990658,-1.0078543405484213,-1.0105211553692395,0.003347877099538014,-1.0002106291334862,0.9666666666666667,9.448275862068966,0.22867756684621174,"[-1.001025, -1.004892, -1.003553, -1.010526, -1.005385, -1.004892, -1.010526, -1.000211, -1.003553, -1.010526, -1.010526, -1.007116, -1.010526, -1.010526, -1.004892, -1.010526, -1.010526, -1.010526, -1.007131, -1.007055, -1.002843, -1.010526, -1.010526, -1.010526, -1.010526, -1.010516, -1.010526, -1.010526, -1.010516, -1.004157]",1.0078543405484213,1.0105262827990658,1.0,"[0, 1, 3.0, 36.859667084978014, 1.9046737179334887]"
ETC-PEC-op1,LLH:PSO,-1.0071310133679803,-1.0027819822750055,-1.002366746551691,0.0020959967227680235,-0.9996131256534343,0.7666666666666667,6.217391304347826,0.20755099455515544,"[-1.000999, -1.001151, -1.001745, -1.004992, -1.004214, -1.000391, -1.000842, -0.999613, -1.000602, -1.005476, -1.002843, -1.000396, -1.002185, -1.00465, -1.003599, -1.004892, -1.003826, -1.005663, -1.007131, -1.00248, -1.001297, -1.001504, -1.007055, -1.001526, -1.003019, -1.002254, -1.005476, -0.999922, -1.00291, -1.000807]",1.0027819822750055,1.0071310133679803,1.0,"[0, 0, 2.0210250991430034, 29.76023720612464, 0.609506795459906]"
ETC-PEC-op1,LLH:perturb-V,-1.008377731010534,-1.0040101199176121,-1.0039687547634264,0.0025359451012897205,-0.9999916960258363,0.8666666666666667,8.576923076923077,0.2039160410563151,"[-1.001083, -1.004157, -1.0022, -1.004992, -1.004214, -1.001126, -1.002843, -0.999992, -1.000602, -1.008378, -1.002843, -1.000645, -1.003599, -1.008378, -1.003599, -1.004892, -1.007055, -1.005663, -1.007131, -1.00378, -1.001897, -1.001526, -1.007055, -1.001526, -1.005663, -1.007131, -1.008378, -1.004992, -1.004157, -1.000807]",1.0040101199176121,1.008377731010534,1.0,"[0, 1, 2.2899616637684046, 30.348643027619804, 1.8215479343650722]"
ETC-PEC-op1,LLH:perturb-w,-1.0105262827990658,-1.0044471111441335,-1.0043866499549958,0.002902476964951388,-0.9996131256534343,0.9333333333333333,9.607142857142858,0.19712811311086018,"[-1.003284, -1.001224, -1.002407, -1.005385, -1.005385, -1.001664, -1.001224, -0.999613, -1.001482, -1.007116, -1.004892, -1.000937, -1.003881, -1.005735, -1.004892, -1.004892, -1.006266, -1.010526, -1.010516, -1.007116, -1.003881, -1.002252, -1.010526, -1.003284, -1.006266, -1.002254, -1.007116, -1.000129, -1.003881, -1.005385]",1.0044471111441335,1.0105262827990658,1.0,"[0, 1, 2.9525514466269422, 27.53460846172485, 2.2736147354558742]"
ETC-PEC-op1,LLH:perturb-share,-1.0105262827990658,-1.003947935304031,-1.003422529385075,0.0026451652806830125,-0.9996131256534343,0.9333333333333333,11.107142857142858,0.20071219603220622,"[-1.000999, -1.00465, -1.001745, -1.008867, -1.007131, -1.001017, -1.002691, -0.999613, -1.0022, -1.005476, -1.005663, -1.000862, -1.004682, -1.00465, -1.007055, -1.010526, -1.003826, -1.005663, -1.007131, -1.00248, -1.00248, -1.001504, -1.007055, -1.001526, -1.003019, -1.002254, -1.005476, -1.001564, -1.005476, -1.001158]",1.003947935304031,1.0105262827990658,1.0,"[0, 1, 2.9842909382368514, 27.905403754283597, 2.3828448273125487]"
ETC-PEC-op1,LLH:swap-hybrid,-1.0071310133679803,-1.0027819822750055,-1.002366746551691,0.0020959967227680235,-0.9996131256534343,0.7666666666666667,6.217391304347826,0.21127007007598878,"[-1.000999, -1.001151, -1.001745, -1.004992, -1.004214, -1.000391, -1.000842, -0.999613, -1.000602, -1.005476, -1.002843, -1.000396, -1.002185, -1.00465, -1.003599, -1.004892, -1.003826, -1.005663, -1.007131, -1.00248, -1.001297, -1.001504, -1.007055, -1.001526, -1.003019, -1.002254, -1.005476, -0.999922, -1.00291, -1.000807]",1.0027819822750055,1.0071310133679803,1.0,"[0, 0, 2.0210250991430034, 29.76023720612464, 0.609506795459906]"
ETC-PEC-op1,LLH:swap-fluid,-1.0071310133679803,-1.0033398882586533,-1.0030185820517825,0.0020440927701041887,-0.9999202250561715,0.8333333333333334,7.12,0.21273168722788494,"[-1.001887, -1.001151, -1.007055, -1.004992, -1.004214, -1.000391, -1.000842, -0.99992, -1.001321, -1.005476, -1.002843, -1.000569, -1.002185, -1.00465, -1.003599, -1.004892, -1.003826, -1.005663, -1.007131, -1.00248, -1.001297, -1.003937, -1.007055, -1.003019, -1.003019, -1.004682, -1.005476, -1.00291, -1.00291, -1.000807]",1.0033398882586533,1.0071310133679803,1.0,"[0, 0, 2.0210250991430034, 29.76023720612464, 0.609506795459906]"
ETC-PEC-op2,HH-UCB,-1.0087805818546955,-1.008719759186568,-1.0087805818546955,0.00022757758548143462,-1.0078682418327876,1.0,37.666666666666664,0.22221490542093914,"[-1.008781, -1.008781, -1.008781, -1.007868, -1.007868, -1.008781, -1.008781, -1.008781, -1.008781, -1.008781, -1.008781, -1.008781, -1.008781, -1.008781, -1.008781, -1.008781, -1.008781, -1.008781, -1.008781, -1.008781, -1.008781, -1.008781, -1.008781, -1.008781, -1.008781, -1.008781, -1.008781, -1.008781, -1.008781, -1.008781]",1.008719759186568,1.0087805818546955,1.0,"[0, 1, 2.9318072277839797, 25.0, 1.0658596312669737]"
ETC-PEC-op2,HH-Random,-1.0087805818546955,-1.0087501705206317,-1.0087805818546955,0.0001637700459373071,-1.0078682418327876,1.0,34.1,0.21996819972991943,"[-1.008781, -1.008781, -1.008781, -1.008781, -1.008781, -1.008781, -1.008781, -1.008781, -1.008781, -1.008781, -1.008781, -1.008781, -1.008781, -1.008781, -1.008781, -1.008781, -1.008781, -1.008781, -1.008781, -1.008781, -1.008781, -1.008781, -1.008781, -1.008781, -1.008781, -1.008781, -1.008781, -1.008781, -1.008781, -1.007868]",1.0087501705206317,1.0087805818546955,1.0,"[0, 1, 2.9184398022166276, 25.3455908986029, 1.0500890722108878]"
ETC-PEC-op2,DE,-1.0087805818546955,-1.0087501705206317,-1.0087805818546955,0.00016377004593730714,-1.0078682418327876,1.0,37.266666666666666,0.24234135150909425,"[-1.008781, -1.008781, -1.008781, -1.008781, -1.008781, -1.008781, -1.008781, -1.008781, -1.008781, -1.008781, -1.007868, -1.008781, -1.008781, -1.008781, -1.008781, -1.008781, -1.008781, -1.008781, -1.008781, -1.008781, -1.008781, -1.008781, -1.008781, -1.008781, -1.008781, -1.008781, -1.008781, -1.008781, -1.008781, -1.008781]",1.0087501705206317,1.0087805818546955,1.0,"[0, 1, 2.975948404287565, 28.57809256991454, 1.0528525577927128]"
ETC-PEC-op2,CMA-ES,-1.0087805818546955,-1.0044802581850958,-1.0043104967291951,0.0012518538375569928,-1.0018796714692733,0.9666666666666667,24.137931034482758,0.2048051913579305,"[-1.00431, -1.00431, -1.002894, -1.00431, -1.008781, -1.00431, -1.00431, -1.00431, -1.00431, -1.00431, -1.00431, -1.00431, -1.00431, -1.00431, -1.00431, -1.00431, -1.00431, -1.008781, -1.00431, -1.00431, -1.00431, -1.00431, -1.00431, -1.00431, -1.00431, -1.00431, -1.00188, -1.00431, -1.00431, -1.00431]",1.0044802581850958,1.0087805818546955,1.0,"[0, 1, 3.0, 28.607052472651517, 0.8963450056014896]"
ETC-PEC-op2,LLH:SA,-1.0087805818546955,-1.0084967383203032,-1.0087805818546955,0.0015285442121403083,-1.0002652758229365,0.9666666666666667,24.655172413793103,0.214166522026062,"[-1.008781, -1.008781, -1.008781, -1.008781, -1.008781, -1.008781, -1.008781, -1.008781, -1.008781, -1.008781, -1.008781, -1.008781, -1.008781, -1.008781, -1.008781, -1.008781, -1.008781, -1.008781, -1.008781, -1.008781, -1.008781, -1.008781, -1.008781, -1.008781, -1.008781, -1.008781, -1.008781, -1.000265, -1.008781, -1.008781]",1.0084967383203032,1.0087805818546955,1.0,"[0, 1, 2.9298689052895583, 31.645486801143672, 0.7994808625694358]"
ETC-PEC-op2,LLH:Tabu,-1.0087805818546955,-1.0081863928904915,-1.0087805818546955,0.0016034058144749684,-1.0018321016575165,0.9666666666666667,34.724137931034484,0.2143971045811971,"[-1.008781, -1.008781, -1.008781, -1.008781, -1.008781, -1.001832, -1.005155, -1.008781, -1.008781, -1.008781, -1.008781, -1.008781, -1.008781, -1.008781, -1.008781, -1.008781, -1.005155, -1.008781, -1.008781, -1.008781, -1.008781, -1.008781, -1.008781, -1.008781, -1.008781, -1.008781, -1.008781, -1.005155, -1.008781, -1.008781]",1.0081863928904915,1.0087805818546955,1.0,"[0, 1, 2.851394156748397, 28.150255077655515, 0.8644802041562251]"
ETC-PEC-op2,LLH:VNS,-1.0087805818546955,-1.0087319216920525,-1.0087805818546955,0.00018806450513743554,-1.0078682418327876,1.0,27.0,0.22457419236501058,"[-1.008781, -1.008781, -1.008781, -1.008781, -1.008781, -1.008781, -1.008781, -1.008781, -1.008781, -1.008781, -1.008781, -1.008781, -1.008781, -1.008781, -1.007868, -1.008781, -1.008781, -1.008781, -1.008781, -1.008781, -1.008781, -1.008781, -1.008781, -1.008781, -1.008781, -1.008781, -1.008781, -1.008781, -1.008233, -1.008781]",1.0087319216920525,1.0087805818546955,1.0,"[0, 1, 3.0, 37.02880483918964, 0.9342262065564584]"
ETC-PEC-op2,LLH:LNS,-1.0087805818546955,-1.008780581854695,-1.0087805818546955,4.440892098500626e-16,-1.0087805818546955,1.0,21.133333333333333,0.2454464356104533,"[-1.008781, -1.008781, -1.008781, -1.008781, -1.008781, -1.008781, -1.008781, -1.008781, -1.008781, -1.008781, -1.008781, -1.008781, -1.008781, -1.008781, -1.008781, -1.008781, -1.008781, -1.008781, -1.008781, -1.008781, -1.008781, -1.008781, -1.008781, -1.008781, -1.008781, -1.008781, -1.008781, -1.008781, -1.008781, -1.008781]",1.008780581854695,1.0087805818546955,1.0,"[0, 1, 2.8986262037903874, 36.247197043075644, 0.828812157684468]"
ETC-PEC-op2,LLH:DE/rand/1,-1.0087805818546955,-1.008472899955233,-1.0087805818546955,0.0007705351554355483,-1.005154852278384,1.0,43.53333333333333,0.23993706703186035,"[-1.008781, -1.008781, -1.008781, -1.008781, -1.008781, -1.007868, -1.008781, -1.008781, -1.008781, -1.008781, -1.007868, -1.008781, -1.008781, -1.008781, -1.008781, -1.008781, -1.005155, -1.008781, -1.008781, -1.008781, -1.008781, -1.008781, -1.008781, -1.008781, -1.006677, -1.008016, -1.008781, -1.007868, -1.008781, -1.008781]",1.008472899955233,1.0087805818546955,1.0,"[0, 1, 2.856946091184946, 32.0766554712098, 0.9776999431524408]"
ETC-PEC-op2,LLH:DE/best/1,-1.0087805818546955,-1.0059964460729636,-1.0057187245950052,0.0026311542782853185,-1.0008474153119304,0.8666666666666667,19.576923076923077,0.24185049533843994,"[-1.00112, -1.008781, -1.006088, -1.008781, -1.003179, -1.001896, -1.005155, -1.001896, -1.00431, -1.005155, -1.008781, -1.008781, -1.008781, -1.005155, -1.007705, -1.006738, -1.008781, -1.008781, -1.00535, -1.008781, -1.008781, -1.005155, -1.008781, -1.003604, -1.00431, -1.007868, -1.008781, -1.000847, -1.003762, -1.004013]",1.0059964460729636,1.0087805818546955,1.0,"[0, 1, 2.9273684216037372, 35.36465004404539, 1.2320641106273273]"
ETC-PEC-op2,LLH:PSO,-1.0060877418884588,-1.0021915098938512,-1.001820819481809,0.0016208934722619522,-0.9992833002790935,0.36666666666666664,7.545454545454546,0.2121705929438273,"[-1.00112, -1.000995, -1.001725, -1.002923, -1.002435, -1.00007, -1.00014, -1.001896, -1.000685, -1.003414, -1.001537, -1.000486, -1.001948, -1.003414, -1.006088, -1.002894, -1.003169, -1.003859, -1.00535, -1.001467, -1.002134, -1.001703, -1.004996, -1.001746, -1.00431, -1.000825, -1.003295, -0.999283, -1.001409, -1.000427]",1.0021915098938512,1.0060877418884588,1.0,"[0, 1, 2.1094168576028727, 31.580395303797054, 0.8892363724317872]"
ETC-PEC-op2,LLH:perturb-V,-1.0077049335322268,-1.0034106025841074,-1.002880734226158,0.002235927647833368,-0.9992941782773062,0.5666666666666667,12.647058823529411,0.21942189534505208,"[-1.00112, -1.001381, -1.002331, -1.002923, -1.002435, -1.001647, -1.002881, -1.001896, -1.000685, -1.007705, -1.002881, -1.000654, -1.003604, -1.007705, -1.006088, -1.00431, -1.006088, -1.004709, -1.00535, -1.003536, -1.002881, -1.001895, -1.006088, -1.001895, -1.00431, -1.00535, -1.007705, -0.999294, -1.001895, -1.001075]",1.0034106025841074,1.0077049335322268,1.0,"[0, 1, 2.3330194038256997, 32.2338053740239, 1.0870261023621912]"
ETC-PEC-op2,LLH:perturb-w,-1.0087805818546955,-1.0034818009073025,-1.0031787401952263,0.0023258343722713966,-0.9992833002790935,0.6,15.38888888888889,0.2065945307413737,"[-1.003604, -1.00115, -1.002219, -1.003179, -1.003179, -1.000573, -1.00037, -1.00431, -1.001832, -1.004492, -1.002894, -1.001513, -1.002371, -1.004492, -1.008781, -1.002894, -1.005155, -1.008016, -1.007868, -1.004778, -1.003662, -1.002371, -1.008016, -1.003604, -1.00431, -1.001463, -1.004778, -0.999283, -1.002219, -1.001075]",1.0034818009073025,1.0087805818546955,1.0,"[0, 1, 3.0, 31.580395303797054, 0.8892363724317872]"
ETC-PEC-op2,LLH:perturb-share,-1.0087805818546955,-1.0031911873623447,-1.002749945925586,0.002178753067580312,-0.9996265722434894,0.5,11.733333333333333,0.21328810056050618,"[-1.00112, -1.002298, -1.001725, -1.006677, -1.00535, -1.000703, -1.001808, -1.003536, -1.002331, -1.003414, -1.003859, -1.001074, -1.001948, -1.003414, -1.006088, -1.008016, -1.003169, -1.003859, -1.00535, -1.001467, -1.004247, -1.001703, -1.004996, -1.001746, -1.008781, -1.000825, -1.003295, -0.999627, -1.001409, -1.0019]",1.0031911873623447,1.0087805818546955,1.0,"[0, 1, 2.809871586571907, 33.074168000823775, 1.236194106172932]"
ETC-PEC-op2,LLH:swap-hybrid,-1.0060877418884588,-1.0022129968245108,-1.001820819481809,0.0015860982344217914,-0.9999279081988793,0.36666666666666664,7.545454545454546,0.21802493731180828,"[-1.00112, -1.000995, -1.001725, -1.002923, -1.002435, -1.00007, -1.00014, -1.001896, -1.000685, -1.003414, -1.001537, -1.000486, -1.001948, -1.003414, -1.006088, -1.002894, -1.003169, -1.003859, -1.00535, -1.001467, -1.002134, -1.001703, -1.004996, -1.001746, -1.00431, -1.000825, -1.003295, -0.999928, -1.001409, -1.000427]",1.0022129968245108,1.0060877418884588,1.0,"[0, 1, 2.1094168576028727, 31.580395303797054, 0.8892363724317872]"
ETC-PEC-op2,LLH:swap-fluid,-1.0060877418884588,-1.0027900600974398,-1.0029085372669893,0.0015957605820611563,-0.9992833002790935,0.5333333333333333,10.5625,0.23114717801411946,"[-1.001431, -1.003356, -1.004996, -1.002923, -1.002435, -1.00007, -1.000309, -1.001896, -1.000685, -1.003414, -1.001537, -1.001896, -1.004778, -1.003414, -1.006088, -1.002894, -1.003169, -1.003859, -1.00535, -1.001467, -1.002134, -1.002533, -1.004996, -1.002133, -1.00431, -1.003293, -1.003295, -0.999283, -1.003859, -1.001896]",1.0027900600974398,1.0060877418884588,1.0,"[0, 1, 2.1094168576028727, 31.580395303797054, 0.8892363724317872]"
