problem,method,best,mean,median,std,worst,succ_rate,mean_ett,mean_wall,finals,obj_mean,obj_best,feas_rate,cfg_best
Sphere,DE,1.4134521539785597e-07,9.61208156969011e-06,5.900942060372068e-06,9.008097327001048e-06,3.480837429875739e-05,0.1,4846.333333333333,0.09407831827799479,"[1e-06, 5e-06, 2.7e-05, 6e-06, 6e-06, 2e-06, 2.1e-05, 1.2e-05, 6e-06, 3e-05, 1e-05, 2e-06, 3e-06, 3.5e-05, 0.0, 1.3e-05, 2.1e-05, 2.1e-05, 5e-06, 5e-06, 6e-06, 8e-06, 1e-06, 1e-05, 1e-05, 6e-06, 1e-06, 8e-06, 4e-06, 5e-06]",,,,
Sphere,CMA-ES,1.428239731028899e-34,1.1894362442643523e-31,2.2952179790019556e-32,3.143037606871299e-31,1.335446870394577e-30,1.0,1113.0,0.060427093505859376,"[0.0, 0.0, 0.0, 0.0, 0.0, 0.0, 0.0, 0.0, 0.0, 0.0, 0.0, 0.0, 0.0, 0.0, 0.0, 0.0, 0.0, 0.0, 0.0, 0.0, 0.0, 0.0, 0.0, 0.0, 0.0, 0.0, 0.0, 0.0, 0.0, 0.0]",,,,
Rastrigin,DE,25.421524827283662,40.75763378079202,41.12562755658786,4.712170924944093,53.20343953352424,0.0,-1,0.12081662813822429,"[43.227672, 36.917337, 46.82548, 41.952286, 43.543887, 41.027472, 40.053196, 38.291034, 35.01165, 34.838643, 41.091738, 43.089475, 43.166489, 41.159517, 43.500688, 43.528202, 37.48434, 42.540725, 38.014921, 36.828951, 40.891843, 43.271455, 38.481858, 25.421525, 37.595112, 45.895357, 38.49869, 44.289869, 53.20344, 43.086163]",,,,
Rastrigin,CMA-ES,2.9848771712798623,12.635966583327566,12.436980656937529,5.773894379676661,24.87393104152244,0.0,-1,0.07055075168609619,"[14.924371, 22.884013, 8.954626, 2.984877, 9.949586, 13.929417, 14.924371, 5.969754, 11.939504, 24.873931, 10.94454, 16.914289, 19.899141, 13.929412, 22.884033, 4.974795, 8.954626, 6.964708, 6.964708, 19.899146, 16.914289, 17.909228, 13.929417, 12.934458, 5.969754, 15.91933, 4.974795, 7.959667, 8.954626, 9.949586]",,,,
Ackley,DE,0.014033963229146185,0.03547338390180548,0.03145441116862324,0.014519561400867192,0.07194583240720975,0.0,-1,0.12054832776387532,"[0.030174, 0.031361, 0.048019, 0.030177, 0.033674, 0.018879, 0.044661, 0.028795, 0.071946, 0.033417, 0.031548, 0.021629, 0.041527, 0.026416, 0.021354, 0.060916, 0.015998, 0.022434, 0.0374, 0.037759, 0.014034, 0.024364, 0.04143, 0.058204, 0.03557, 0.066129, 0.025924, 0.053894, 0.030777, 0.025793]",,,,
Ackley,CMA-ES,3.9968028886505635e-15,5.773159728050814e-15,3.9968028886505635e-15,2.553673853456434e-15,1.4654943925052066e-14,1.0,1449.6666666666667,0.08241057395935059,"[0.0, 0.0, 0.0, 0.0, 0.0, 0.0, 0.0, 0.0, 0.0, 0.0, 0.0, 0.0, 0.0, 0.0, 0.0, 0.0, 0.0, 0.0, 0.0, 0.0, 0.0, 0.0, 0.0, 0.0, 0.0, 0.0, 0.0, 0.0, 0.0, 0.0]",,,,
Rosenbrock,DE,4.9524968349260465,6.622643053754136,6.514490335932315,0.8823581027513003,8.914698824016924,0.0,-1,0.12051531473795572,"[6.590393, 8.444335, 6.314931, 7.547023, 6.855047, 6.98158, 8.914699, 6.127637, 7.209138, 5.355389, 6.917941, 5.4461, 7.017811, 6.93681, 6.21133, 6.217595, 5.480667, 7.852781, 5.807462, 7.354697, 6.211363, 6.438587, 6.080924, 7.582899, 6.40411, 5.83895, 6.616108, 5.999661, 6.970826, 4.952497]",,,,
Rosenbrock,CMA-ES,4.6305264965348926e-08,0.9298740221090855,0.10217019916067205,1.480765311648174,3.987879812561597,0.5,4405.666666666667,0.07918175061543782,"[0.038435, 0.090375, 0.063739, 0.0, 3.986581, 0.343482, 1.353451, 0.00346, 0.451862, 2.34571, 0.010098, 3.98788, 0.281541, 0.156455, 0.007238, 9e-06, 3.98658, 0.029611, 3.986579, 0.025184, 0.006447, 2.065131, 3.986665, 0.113965, 0.168082, 0.001954, 0.000496, 0.001135, 1e-06, 0.404076]",,,,
Griewank,DE,0.40584578254552084,0.6234231732096923,0.634597269422428,0.07931462615677615,0.7685472359265535,0.0,-1,0.11893026034037273,"[0.61305, 0.704225, 0.577724, 0.582593, 0.734906, 0.663643, 0.563341, 0.655219, 0.405846, 0.693865, 0.55512, 0.508869, 0.589301, 0.702651, 0.570007, 0.679554, 0.631482, 0.676417, 0.691725, 0.559633, 0.696339, 0.698172, 0.619601, 0.660023, 0.510036, 0.768547, 0.494794, 0.637713, 0.65682, 0.60148]",,,,
Griewank,CMA-ES,0.0,0.008945168683393793,0.007396040334115006,0.009950432960167423,0.039311372746610784,0.6666666666666666,1297.0,0.08014543056488037,"[0.009865, 0.0, 0.0, 0.009857, 0.0, 0.0, 0.0, 0.0, 0.017226, 0.0, 0.007396, 0.012321, 0.019678, 0.039311, 0.007396, 0.01969, 0.0, 0.0, 0.014772, 0.014772, 0.012321, 0.01478, 0.007396, 0.0, 0.0, 0.009857, 0.0, 0.034462, 0.007396, 0.009857]",,,,
Schwefel,DE,821.0040080366043,1390.770070577573,1415.9169359155605,271.40997228984264,1900.935328515653,0.0,-1,0.21293930212656656,"[1741.479354, 1773.993581, 1144.986959, 1651.220776, 1567.182039, 979.425388, 821.004008, 1622.365723, 1775.030619, 1304.01306, 1304.237863, 1464.829443, 1505.46115, 1900.935329, 1085.319597, 1367.004429, 1084.124193, 1523.709864, 1514.029267, 1111.935932, 1698.61257, 1287.71955, 1259.691312, 1539.951648, 1520.218045, 1616.497266, 1085.401581, 1138.868564, 1058.14556, 1275.707451]",,,,
Schwefel,CMA-ES,810.8484019749317,1527.0678325535332,1569.3488680060302,336.7362982249951,2151.700723835331,0.0,-1,0.14083117643992107,"[1857.695485, 1579.302318, 1974.157125, 2151.700724, 1184.402391, 1796.477599, 1895.133813, 1579.221587, 1144.909346, 1184.449149, 1579.246051, 1618.901098, 1144.931101, 1835.93667, 1778.224757, 1223.873681, 2072.825558, 1482.040021, 1105.470958, 1047.838704, 1638.579121, 1559.476149, 1184.49427, 1444.050222, 1638.546219, 1264.897642, 810.848402, 1539.785907, 2033.754926, 1460.863984]",,,,
ETC-Eff-op1,DE,-0.7603280233250767,-0.7603242884049597,-0.7603280233250767,6.770117644409902e-06,-0.7603120165245756,1.0,1.0,0.43193697929382324,"[-0.760312, -0.760328, -0.760328, -0.760328, -0.760328, -0.760312, -0.760328, -0.760328, -0.760312, -0.760328, -0.760328, -0.760328, -0.760328, -0.760312, -0.760328, -0.760328, -0.760328, -0.760328, -0.760328, -0.760312, -0.760312, -0.760328, -0.760328, -0.760328, -0.760328, -0.760328, -0.760312, -0.760328, -0.760328, -0.760328]",0.7603242884049597,0.7603280233250767,1.0,"[2, 0, 0.47386896613840607, 52.53448442806636, 2.8997075532014724]"
ETC-Eff-op1,CMA-ES,-0.7603280233250767,-0.7603165107725106,-0.7603200199248261,1.5437842480017628e-05,-0.7602648627345806,1.0,7.133333333333334,0.40688513914744057,"[-0.760312, -0.760283, -0.760328, -0.760283, -0.760312, -0.760312, -0.760328, -0.760312, -0.760312, -0.760328, -0.760328, -0.760312, -0.760328, -0.760328, -0.760312, -0.760328, -0.760328, -0.760312, -0.760328, -0.760328, -0.760265, -0.760312, -0.760312, -0.760312, -0.760328, -0.760312, -0.760328, -0.760328, -0.760328, -0.760328]",0.7603165107725106,0.7603280233250767,1.0,"[2, 0, 0.5612664360788219, 44.67435448374597, 3.3104387791871757]"
ETC-Eff-op2,DE,-0.7363611036790504,-0.7363556757583577,-0.7363611036790504,2.9230247491412638e-05,-0.7361982660582629,1.0,1.0,0.8766730467478434,"[-0.736361, -0.736361, -0.736361, -0.736361, -0.736361, -0.736361, -0.736361, -0.736361, -0.736361, -0.736361, -0.736361, -0.736361, -0.736361, -0.736361, -0.736361, -0.736361, -0.736361, -0.736361, -0.736361, -0.736361, -0.736361, -0.736361, -0.736361, -0.736361, -0.736361, -0.736361, -0.736198, -0.736361, -0.736361, -0.736361]",0.7363556757583577,0.7363611036790504,1.0,"[2, 0, 2.4789869198772387, 35.00910646387533, 4.327577934468682]"
ETC-Eff-op2,CMA-ES,-0.7363354536274538,-0.7362956119635994,-0.7363354536274538,5.725997939410157e-05,-0.7361982660582629,1.0,5.0,0.866612450281779,"[-0.736198, -0.736335, -0.736335, -0.736198, -0.736198, -0.736335, -0.736234, -0.736335, -0.736335, -0.736234, -0.736198, -0.736234, -0.736335, -0.736335, -0.736198, -0.736335, -0.736234, -0.736335, -0.736335, -0.736335, -0.736335, -0.736335, -0.736234, -0.736335, -0.736335, -0.736335, -0.736335, -0.736335, -0.736335, -0.736335]",0.7362956119635994,0.7363354536274538,1.0,"[2, 0, 2.3599729610923323, 49.484661233671766, 4.1605821651047155]"
ETC-PEC-op1,DE,-1.0105262827990658,-1.0105249154844456,-1.0105262827990658,3.4859819652456157e-06,-1.010516027939413,1.0,4.133333333333334,0.3643070697784424,"[-1.010526, -1.010526, -1.010526, -1.010526, -1.010526, -1.010526, -1.010526, -1.010516, -1.010526, -1.010526, -1.010516, -1.010526, -1.010526, -1.010526, -1.010526, -1.010526, -1.010526, -1.010516, -1.010526, -1.010526, -1.010526, -1.010526, -1.010526, -1.010526, -1.010526, -1.010526, -1.010526, -1.010526, -1.010526, -1.010516]",1.0105249154844456,1.0105262827990658,1.0,"[0, 1, 2.878189369070832, 36.566210385982686, 2.1641514224294123]"
ETC-PEC-op1,CMA-ES,-1.0105262827990658,-1.005632336795092,-1.005385305803818,0.0013202968026981281,-1.0048918932591646,1.0,3.6666666666666665,0.32933251063028973,"[-1.004892, -1.005385, -1.005385, -1.005385, -1.010516, -1.005385, -1.005385, -1.005385, -1.005385, -1.005385, -1.005385, -1.004892, -1.005385, -1.005385, -1.004892, -1.005385, -1.005385, -1.004992, -1.005385, -1.010526, -1.005385, -1.005385, -1.005385, -1.005385, -1.005385, -1.004892, -1.005385, -1.005385, -1.004892, -1.005385]",1.005632336795092,1.0105262827990658,1.0,"[0, 1, 3.0, 32.45633083916478, 2.4768025625487917]"
ETC-PEC-op2,DE,-1.0087805818546955,-1.0087501705206317,-1.0087805818546955,0.00016377004593730714,-1.0078682418327876,1.0,37.266666666666666,0.7914727846781413,"[-1.008781, -1.008781, -1.008781, -1.008781, -1.008781, -1.008781, -1.008781, -1.008781, -1.008781, -1.008781, -1.007868, -1.008781, -1.008781, -1.008781, -1.008781, -1.008781, -1.008781, -1.008781, -1.008781, -1.008781, -1.008781, -1.008781, -1.008781, -1.008781, -1.008781, -1.008781, -1.008781, -1.008781, -1.008781, -1.008781]",1.0087501705206317,1.0087805818546955,1.0,"[0, 1, 2.975948404287565, 28.57809256991454, 1.0528525577927128]"
ETC-PEC-op2,CMA-ES,-1.0087805818546955,-1.0044802581850958,-1.0043104967291951,0.0012518538375569928,-1.0018796714692733,0.9666666666666667,21.137931034482758,0.6584362904230754,"[-1.00431, -1.00431, -1.002894, -1.00431, -1.008781, -1.00431, -1.00431, -1.00431, -1.00431, -1.00431, -1.00431, -1.00431, -1.00431, -1.00431, -1.00431, -1.00431, -1.00431, -1.008781, -1.00431, -1.00431, -1.00431, -1.00431, -1.00431, -1.00431, -1.00431, -1.00431, -1.00188, -1.00431, -1.00431, -1.00431]",1.0044802581850958,1.0087805818546955,1.0,"[0, 1, 3.0, 28.607052472653702, 0.8963450056044573]"
Sphere,HH-UCB,0.00023277555080486242,0.008074654535773294,0.006300591761386141,0.007703813101833999,0.030828323880550887,0.0,-1,0.17802640597025554,"[0.003438, 0.001881, 0.008648, 0.010299, 0.001404, 0.024803, 0.006086, 0.003885, 0.01046, 0.001041, 0.017298, 0.001493, 0.003382, 0.000758, 0.006646, 0.008847, 0.023944, 0.005954, 0.008001, 0.009051, 0.006837, 0.005406, 0.006515, 0.000233, 0.002688, 0.030828, 0.000518, 0.018259, 0.001024, 0.012612]",,,,
Sphere,HH-Random,1.750814689246238e-05,0.004436925302366498,0.0016909136115880977,0.005955063643368187,0.030128545085452943,0.0,-1,0.15397779941558837,"[0.002372, 0.030129, 0.001183, 0.00192, 0.007305, 3.3e-05, 0.00627, 0.001183, 0.001339, 0.006007, 1.8e-05, 0.008538, 0.001294, 0.004367, 0.008756, 0.001174, 0.001462, 0.009186, 0.005554, 0.000371, 0.000577, 0.002966, 0.015182, 0.000152, 0.00697, 0.000674, 0.001318, 0.004687, 0.000728, 0.001392]",,,,
Sphere,LLH:SA,0.013294994526133279,0.037412118949226476,0.03763093362797745,0.01514921538186292,0.07636493515319752,0.0,-1,0.07816426753997803,"[0.036684, 0.051567, 0.046241, 0.0216, 0.020788, 0.049007, 0.027934, 0.038578, 0.049018, 0.013295, 0.023347, 0.030621, 0.047344, 0.021155, 0.022669, 0.02366, 0.04157, 0.029612, 0.02667, 0.053099, 0.047295, 0.049335, 0.049883, 0.042818, 0.021287, 0.030852, 0.048658, 0.015293, 0.076365, 0.06612]",,,,
Sphere,LLH:Tabu,0.09698723078235963,0.19840400954894438,0.202815005254508,0.05641069475735809,0.3267654711661859,0.0,-1,0.10370608965555826,"[0.223436, 0.110435, 0.130709, 0.187546, 0.295448, 0.186702, 0.12933, 0.226655, 0.256061, 0.141426, 0.247754, 0.214999, 0.234565, 0.145702, 0.276947, 0.15526, 0.189456, 0.191163, 0.117316, 0.156674, 0.231128, 0.204262, 0.253466, 0.201368, 0.326765, 0.214549, 0.213098, 0.251398, 0.096987, 0.141516]",,,,
Sphere,LLH:VNS,0.00021875420627508234,0.0015850394147480578,0.0014275682238147707,0.0011153884858921637,0.004511279682829267,0.0,-1,0.13483591874440512,"[0.000437, 0.004511, 0.0039, 0.001345, 0.0005, 0.000453, 0.002042, 0.000649, 0.000329, 0.000219, 0.001478, 0.000512, 0.002104, 0.001642, 0.001931, 0.000492, 0.002054, 0.003193, 0.001531, 0.002632, 0.001173, 0.001377, 0.0017, 0.003722, 0.002555, 0.000515, 0.000934, 0.000894, 0.001866, 0.000861]",,,,
Sphere,LLH:LNS,0.4762898952402111,1.1764931780018977,1.0608951158131388,0.4286180489954342,2.0491189979719855,0.0,-1,0.1542649269104004,"[1.081565, 0.718923, 1.456463, 1.80441, 0.812941, 1.078389, 2.003114, 1.91566, 0.995437, 0.957615, 0.953145, 1.926677, 0.66488, 1.401647, 1.049342, 1.036519, 2.049119, 0.97595, 1.072448, 1.192966, 0.889954, 0.47629, 1.584746, 1.174973, 1.343547, 1.522453, 1.006107, 0.56225, 0.728815, 0.858448]",,,,
Sphere,LLH:DE/rand/1,1.4191419251624661e-12,0.052731070739115586,7.427057111431292e-06,0.23424824069540465,1.3041401120964675,0.43333333333333335,2839.076923076923,0.10407263437906901,"[0.001272, 0.000401, 1.30414, 0.0, 3e-06, 0.0, 0.001004, 0.0, 8e-06, 0.0, 0.162728, 0.0, 0.024074, 0.004358, 0.015155, 0.0, 0.023519, 0.002747, 0.0, 0.0, 0.0, 0.008389, 0.0, 0.0, 0.0, 7e-06, 0.005261, 0.028854, 0.0, 1.1e-05]",,,,
Sphere,LLH:DE/best/1,8.489829038202316e-09,0.001186962858468732,2.06927177968701e-06,0.005139035677326951,0.028257455199406634,0.36666666666666664,4327.727272727273,0.12169593969980876,"[0.0, 1e-05, 3e-06, 0.005908, 1.1e-05, 2e-06, 2e-06, 1.1e-05, 0.000115, 0.0, 3e-06, 2e-06, 1e-06, 0.0, 1e-06, 2.8e-05, 0.0, 3e-06, 0.0, 1e-06, 0.0, 4e-06, 0.000181, 0.0, 0.0, 1e-06, 0.028257, 0.0, 2e-06, 0.001061]",,,,
Sphere,LLH:PSO,26.459298223636186,43.39196755471014,40.97780434256046,11.089719916740597,68.47637330872236,0.0,-1,0.0630607525507609,"[49.733758, 47.902531, 30.243131, 26.459298, 31.684551, 50.905677, 47.640657, 37.287408, 40.512278, 41.679964, 40.34093, 68.476373, 29.356195, 36.682164, 40.734124, 33.436914, 27.749219, 52.764443, 62.384834, 47.366939, 28.015989, 37.344663, 48.172288, 62.730825, 60.35761, 37.608231, 37.237526, 41.221484, 53.228813, 52.500209]",,,,
Sphere,LLH:perturb-V,22.311209111142357,37.826341581046485,35.57731539945056,11.470952323794481,62.14825812828995,0.0,-1,0.04156320889790853,"[36.542808, 30.805927, 24.766058, 25.128916, 22.311209, 27.508436, 32.494754, 37.037442, 38.531686, 28.377364, 38.352262, 62.148258, 26.633042, 36.678083, 32.469738, 33.096901, 24.637659, 31.289496, 59.911595, 47.259112, 27.396537, 34.611823, 45.067506, 60.541805, 60.271221, 32.765646, 37.237076, 40.648752, 52.085849, 48.183285]",,,,
Sphere,LLH:perturb-w,15.12881558491316,37.463583747675166,36.95173885743932,10.92370239166384,60.12933239537966,0.0,-1,0.04093799591064453,"[34.83494, 42.420276, 29.054845, 17.85796, 30.885667, 50.699187, 45.105117, 36.683864, 40.432709, 35.511271, 30.396693, 54.860333, 26.63456, 15.128816, 34.037759, 31.989488, 26.030842, 52.371432, 38.750866, 47.344066, 23.722803, 23.074656, 41.590468, 55.3772, 60.129332, 35.241936, 37.219614, 41.083642, 39.580394, 45.856774]",,,,
Sphere,LLH:perturb-share,14.856303794698624,37.49681788425456,36.879978523293055,12.359068228565203,60.66695568619642,0.0,-1,0.04058221181233724,"[45.41046, 37.557451, 30.226958, 24.278398, 30.250311, 46.30223, 43.119473, 17.526587, 34.854443, 41.649662, 39.668814, 60.573341, 18.96635, 35.565406, 35.563488, 31.335939, 14.856304, 52.052767, 45.81356, 22.700791, 27.751178, 36.211469, 46.200247, 60.666956, 59.286427, 37.548488, 23.114897, 27.632063, 46.76764, 51.452439]",,,,
Sphere,LLH:swap-hybrid,25.40333303753363,40.34657022969035,38.9312598660703,10.597868098060966,62.234104557543574,0.0,-1,0.04092241923014323,"[49.45689, 47.899293, 25.403333, 26.276727, 31.091493, 45.974825, 47.303231, 30.013107, 37.075152, 41.210094, 39.877185, 46.373183, 25.880294, 34.915787, 38.825093, 29.5883, 26.891788, 47.979105, 62.148083, 43.260137, 26.663288, 33.819386, 34.585879, 62.234105, 60.250316, 36.6839, 36.949201, 39.037427, 51.334594, 51.395913]",,,,
Sphere,LLH:swap-fluid,22.31120907947407,37.82634563581944,35.5773380980567,11.470950996502578,62.148257985058464,0.0,-1,0.040478054682413736,"[36.542813, 30.805927, 24.766059, 25.128924, 22.311209, 27.50844, 32.494757, 37.037444, 38.531687, 28.377364, 38.352261, 62.148258, 26.633043, 36.678083, 32.469759, 33.096903, 24.637674, 31.289498, 59.911596, 47.259112, 27.396538, 34.611863, 45.067506, 60.541808, 60.271225, 32.765647, 37.237076, 40.648755, 52.08585, 48.183286]",,,,
Rastrigin,HH-UCB,2.7066490897080797,12.021819932439572,10.855628685674766,6.8725875801491725,33.85444599748267,0.0,-1,0.16708450317382811,"[11.167981, 15.163692, 5.37905, 9.148925, 10.104445, 9.081467, 9.075806, 10.592212, 15.242014, 12.103238, 28.552618, 13.087157, 6.158671, 2.706649, 5.699581, 7.378969, 11.698052, 9.234876, 22.175653, 6.374071, 6.43282, 8.606042, 12.997916, 11.119046, 12.53439, 33.854446, 24.736594, 5.926966, 12.456817, 11.864436]",,,,
Rastrigin,HH-Random,1.101766748918152,9.123327383337998,8.442960747195322,4.716004090499046,22.53339897903173,0.0,-1,0.18024148941040039,"[8.302177, 12.97882, 12.204751, 5.131066, 9.682129, 5.471068, 11.266171, 15.745943, 6.26471, 7.24587, 15.160659, 14.655893, 22.533399, 12.395886, 8.223244, 2.554668, 7.963721, 8.583744, 11.696888, 5.040942, 7.380463, 1.101767, 5.546309, 9.486163, 11.51557, 4.272878, 12.180787, 4.30359, 13.647401, 1.163144]",,,,
Rastrigin,LLH:SA,6.216032776590822,27.901083260188194,23.463684581432666,14.311719982753413,61.72476795638447,0.0,-1,0.1060651699701945,"[45.258618, 23.613164, 16.934252, 59.094411, 55.930086, 38.135314, 21.953545, 17.78538, 16.578253, 25.81285, 24.532151, 23.061278, 61.724768, 19.647748, 31.625504, 32.286611, 18.794963, 31.758216, 19.770238, 9.023952, 6.216033, 31.523351, 23.314206, 56.535527, 25.768662, 14.346016, 19.522376, 20.846303, 29.400745, 16.237977]",,,,
Rastrigin,LLH:Tabu,32.49123680801169,51.04622718645131,48.77986056736914,10.522978871974633,84.40895773558107,0.0,-1,0.1310672124226888,"[55.471313, 64.999152, 48.36615, 65.232829, 58.824198, 39.825229, 59.047306, 51.052602, 46.912751, 54.163306, 32.491237, 51.630629, 84.408958, 47.901585, 40.410236, 48.802117, 49.631757, 40.243982, 44.634429, 57.809869, 37.67878, 63.399768, 43.710984, 45.670816, 48.757604, 44.77663, 45.863995, 50.704976, 67.163235, 41.80039]",,,,
Rastrigin,LLH:VNS,1.614806278441577,5.003242602576586,4.725518418785413,2.11038327084056,9.195073445633781,0.0,-1,0.15479638576507568,"[9.143553, 4.852508, 9.195073, 6.032757, 5.370353, 3.068529, 3.441004, 4.910517, 6.236992, 3.183906, 2.374547, 5.341387, 9.079539, 2.959337, 7.164349, 6.168618, 4.394091, 8.05573, 7.233738, 2.403858, 2.654837, 5.031528, 1.614806, 4.262889, 4.598529, 3.16497, 3.45317, 3.33325, 7.131309, 4.241607]",,,,
Rastrigin,LLH:LNS,7.540805280998796,20.20168872214271,19.6792218544714,4.690827189002659,27.67181461438794,0.0,-1,0.23998784224192302,"[27.671815, 27.488012, 18.689171, 17.664245, 12.966691, 14.317712, 14.970132, 23.204396, 25.644881, 18.816838, 18.889123, 19.828217, 26.644891, 7.540805, 22.817025, 22.929287, 25.524054, 13.349392, 19.530226, 17.076829, 21.829834, 22.457769, 18.131543, 19.259059, 18.610283, 25.196381, 25.529469, 20.776597, 16.742375, 21.953608]",,,,
Rastrigin,LLH:DE/rand/1,1.9900432221336928,8.882095733543535,7.713372368034328,6.005603204389229,23.92227839384303,0.0,-1,0.19911298751831055,"[22.487137, 8.95467, 2.699264, 11.286715, 9.50701, 1.990043, 9.951005, 10.975474, 3.067366, 2.985346, 6.188105, 8.984646, 23.922278, 7.175779, 4.976506, 9.782266, 7.979017, 4.859651, 4.369864, 9.21214, 4.983342, 7.825571, 4.976383, 5.125917, 7.601174, 21.819683, 5.134317, 23.146967, 5.940932, 8.554304]",,,,
Rastrigin,LLH:DE/best/1,10.944687467803845,28.614795793397892,23.421981670321316,14.216584136507137,56.783516771657204,0.0,-1,0.12492506504058838,"[27.869447, 26.863966, 24.873931, 10.944687, 41.032729, 12.942619, 14.927402, 14.924376, 53.522894, 56.712357, 50.747723, 27.858814, 56.783517, 45.839003, 14.924611, 33.828473, 28.853742, 13.929513, 20.894134, 32.833573, 21.88906, 44.772986, 48.752859, 20.895307, 21.970032, 15.929518, 21.88907, 19.899749, 11.94115, 19.396633]",,,,
Rastrigin,LLH:PSO,87.99351307394542,126.59391681169198,125.21570383566637,18.555330428835045,167.78833615461093,0.0,-1,0.07410931587219238,"[148.625909, 126.025443, 105.545729, 104.604862, 87.993513, 144.179623, 116.735351, 151.198887, 114.322859, 127.585663, 110.361059, 157.931337, 104.828924, 111.322097, 146.487333, 131.018605, 129.304408, 116.04872, 167.788336, 113.317107, 101.384868, 121.643782, 122.947361, 152.185908, 147.029191, 127.063949, 124.405965, 132.951107, 118.992357, 133.987252]",,,,
Rastrigin,LLH:perturb-V,77.88066405892279,113.14952170659116,113.58129545481198,18.436052100005572,150.88172006982575,0.0,-1,0.04914200305938721,"[144.356188, 119.986739, 84.693709, 98.977042, 77.880664, 115.984322, 112.633808, 141.438394, 106.119688, 103.977217, 89.922502, 140.702517, 88.533557, 110.523226, 126.311929, 114.932793, 118.642791, 94.31067, 150.88172, 91.97322, 100.286149, 103.193523, 106.688129, 121.481795, 145.864104, 115.276415, 110.96594, 117.801429, 114.528783, 125.616687]",,,,
Rastrigin,LLH:perturb-w,73.51921953118931,114.26179335573869,113.82752375098455,18.610369718123156,148.5526125046809,0.0,-1,0.07677513758341471,"[128.264162, 114.818916, 102.797853, 95.125394, 85.049884, 124.38057, 112.836132, 129.252312, 107.148619, 127.322182, 96.118023, 138.018612, 94.598371, 73.51922, 136.601408, 123.326566, 127.466381, 111.198952, 148.552613, 94.341656, 85.271146, 99.097361, 122.946212, 139.618448, 129.896763, 104.985465, 101.205584, 131.699427, 108.453238, 133.94233]",,,,
Rastrigin,LLH:perturb-share,79.79262655002655,116.36970145269177,115.28903350495774,19.68369878425391,163.33945255105104,0.0,-1,0.09668343861897787,"[123.316031, 114.549628, 102.503473, 82.530138, 79.792627, 135.677183, 100.80998, 149.837297, 113.792692, 124.820308, 103.936942, 153.535478, 100.684822, 109.575946, 127.843868, 128.792508, 115.676845, 116.004724, 163.339453, 95.807866, 84.511374, 119.700384, 113.039258, 120.5638, 140.775909, 117.354476, 114.901222, 132.948458, 104.684365, 99.783988]",,,,
Rastrigin,LLH:swap-hybrid,78.6601984606481,115.20158602451521,115.33081343164793,20.88159868871475,156.2146896717586,0.0,-1,0.09003931681315104,"[147.064223, 121.925874, 93.798973, 85.449383, 78.660198, 131.089369, 111.258183, 145.366606, 90.156965, 121.879886, 95.695809, 144.945583, 78.800062, 94.790536, 144.016409, 109.407229, 127.708316, 105.971773, 156.21469, 102.087046, 85.199969, 115.311342, 113.871569, 121.494579, 131.810988, 125.847403, 115.350285, 117.008529, 114.80826, 129.057543]",,,,
Rastrigin,LLH:swap-fluid,77.88066149962657,113.15030660916885,113.58165569414658,18.436117386933617,150.8818714959488,0.0,-1,0.08883259296417237,"[144.357302, 119.986738, 84.693845, 98.978713, 77.880661, 115.985246, 112.634401, 141.438833, 106.119964, 103.97723, 89.922337, 140.702156, 88.533852, 110.523252, 126.316145, 114.933301, 118.645721, 94.310968, 150.881871, 91.973285, 100.286194, 103.201339, 106.688128, 121.482462, 145.86486, 115.276534, 110.965918, 117.802126, 114.52891, 125.616903]",,,,
Ackley,HH-UCB,0.31261198170152626,1.4526134773616661,1.343512818067412,0.7698654180097069,3.8099184668310753,0.0,-1,0.21925303141276042,"[2.002439, 2.076238, 0.909921, 1.111288, 0.394996, 1.224543, 0.312612, 1.4919, 1.20461, 1.395731, 0.360534, 2.164737, 0.830132, 0.551513, 1.059239, 1.479259, 1.237545, 0.78334, 2.298245, 0.684476, 2.092501, 3.809918, 0.999925, 1.291295, 1.54534, 1.68406, 1.698963, 2.995925, 2.171656, 1.715526]",,,,
Ackley,HH-Random,0.11089487767130324,1.5090214214944284,1.5430092443750767,0.7495417583381527,3.038299784239275,0.0,-1,0.1991349458694458,"[1.016514, 3.0383, 1.227287, 1.446688, 2.778828, 2.406453, 0.275175, 1.649949, 2.597233, 1.205421, 1.990543, 1.817712, 1.76446, 2.024745, 1.959384, 1.766114, 1.217423, 1.58798, 1.364726, 0.725914, 1.792152, 1.538545, 1.363053, 1.411913, 1.547474, 0.110895, 0.508057, 0.325284, 2.591223, 0.221197]",,,,
Ackley,LLH:SA,1.817615469784951,2.7839994043653444,2.834709433919054,0.44734458714341935,3.5218856146153077,0.0,-1,0.130632217725118,"[2.396935, 3.263621, 3.385067, 3.521886, 1.817615, 2.792161, 2.986446, 2.587751, 2.909368, 3.254197, 3.209421, 2.855395, 1.971032, 2.406482, 3.013997, 3.175371, 2.945708, 1.918357, 2.489105, 2.521669, 2.719305, 3.357542, 3.042646, 2.321767, 2.814024, 2.323898, 3.166055, 2.718434, 2.39192, 3.242807]",,,,
Ackley,LLH:Tabu,4.179596728176197,4.990142735342252,4.967263854421354,0.4317540510829555,5.735587970581598,0.0,-1,0.1541661024093628,"[5.719555, 5.412978, 5.18917, 5.029301, 4.839571, 5.369594, 4.768437, 4.255939, 4.868978, 4.905227, 5.208428, 5.735588, 5.481906, 5.154065, 4.422536, 4.453201, 4.90361, 4.547119, 4.742381, 5.147598, 5.680112, 4.702705, 5.284714, 4.179597, 4.421, 5.363334, 4.664264, 5.043759, 4.663131, 5.546484]",,,,
Ackley,LLH:VNS,0.2208868737731433,0.7077018544400329,0.5856336166506773,0.45038973405549765,1.846206849606482,0.0,-1,0.17630181312561036,"[1.49622, 1.721315, 0.995108, 0.28492, 0.220887, 0.4193, 0.66504, 0.329115, 0.245044, 0.456469, 0.594795, 1.548887, 0.332682, 0.502546, 1.846207, 0.439095, 0.838518, 0.380309, 0.23895, 0.245113, 0.349712, 0.475327, 0.576472, 0.795699, 1.013186, 0.717966, 0.805619, 0.892981, 0.599052, 1.204522]",,,,
Ackley,LLH:LNS,6.805322157946433,8.830477097729977,8.807062846115942,0.9614354900120169,10.532716858717276,0.0,-1,0.257121205329895,"[7.484577, 8.337931, 10.2452, 9.552474, 9.466537, 10.230698, 8.564656, 8.668352, 6.805322, 8.588731, 9.117983, 8.575641, 7.458197, 10.532717, 9.850245, 8.701736, 7.763786, 8.15711, 8.005002, 8.991668, 9.227693, 8.295892, 9.880486, 7.505006, 8.91239, 9.772569, 9.822992, 9.129013, 7.430554, 9.839155]",,,,
Ackley,LLH:DE/rand/1,6.130863394737673e-07,0.4394413111344203,0.0027176333678871067,0.7806793823745466,2.8135969945456485,0.43333333333333335,3138.3076923076924,0.25491833686828613,"[2.6e-05, 0.0013, 0.000172, 2.578876, 5.1e-05, 1.1e-05, 0.001299, 2.813597, 0.076971, 0.192253, 0.030714, 0.000545, 1.155149, 0.011679, 1.155168, 0.005557, 1.648025, 1.155149, 0.000191, 1.188427, 4.7e-05, 2e-06, 0.008603, 2.3e-05, 1e-06, 3e-06, 0.004135, 1.155228, 3.6e-05, 1e-06]",,,,
Ackley,LLH:DE/best/1,5.898656216781589,12.894822817056731,12.779017073768747,2.6438884669914176,17.002222747000673,0.0,-1,0.2663812478383382,"[15.451984, 10.907031, 12.54266, 10.883908, 15.630243, 17.002223, 16.684612, 12.587726, 12.194306, 10.595487, 14.614416, 5.898656, 11.505491, 12.276515, 14.258008, 14.655195, 11.736549, 11.238795, 15.280949, 11.773752, 12.970308, 13.540383, 14.058675, 15.78653, 14.679407, 15.698327, 8.409459, 15.913107, 9.180766, 8.889217]",,,,
Ackley,LLH:PSO,18.973521056010277,20.190666012588938,20.26751039442411,0.4504897470000314,20.90256309439301,0.0,-1,0.1605584462483724,"[20.559338, 20.654359, 18.973521, 19.270473, 19.787789, 20.357601, 20.558878, 19.894595, 19.998651, 20.375394, 20.105939, 20.504515, 19.606062, 20.289652, 20.491263, 19.988058, 19.481427, 20.587914, 20.644295, 20.138177, 19.679438, 20.228165, 20.470547, 20.902563, 20.664818, 20.07548, 19.985477, 20.245369, 20.612813, 20.587407]",,,,
Ackley,LLH:perturb-V,18.463119421035273,19.845711006394723,19.92430563118149,0.5797981168988852,20.80669467558223,0.0,-1,0.1275684118270874,"[20.262315, 20.498489, 18.463119, 18.953647, 18.703778, 19.073377, 19.776629, 19.799507, 19.898387, 19.37923, 20.00323, 20.434696, 19.173847, 20.14688, 20.144011, 19.870149, 19.056072, 19.387361, 20.579881, 20.107512, 19.620984, 19.899382, 20.223896, 20.806695, 20.297109, 19.761839, 19.94923, 20.214437, 20.529877, 20.355765]",,,,
Ackley,LLH:perturb-w,17.777545386664865,19.794999392999546,19.90794391771098,0.7097813833045178,20.733835782609486,0.0,-1,0.13034323851267496,"[20.510649, 20.542706, 18.874294, 18.061122, 19.616787, 20.33073, 20.401499, 19.858583, 19.913087, 20.030435, 19.422902, 20.321461, 19.173278, 17.777545, 20.331816, 19.774192, 19.149469, 20.575939, 19.821332, 20.134634, 19.163826, 19.006509, 20.243557, 20.733836, 20.312455, 19.893945, 19.944213, 19.458417, 19.902801, 20.567962]",,,,
Ackley,LLH:perturb-share,17.650095216009117,19.66675749258237,19.979494182534694,0.8289772954496438,20.816510977627093,0.0,-1,0.25414674282073973,"[19.332884, 20.428556, 18.87264, 18.836117, 19.534269, 20.051196, 20.198823, 17.6654, 19.582482, 20.352157, 19.961131, 20.368837, 18.244219, 20.155916, 20.055677, 19.739084, 17.650095, 20.354288, 20.163262, 18.355669, 19.561893, 20.112193, 20.368596, 20.816511, 20.615072, 19.866553, 18.81508, 19.997857, 20.275674, 19.670593]",,,,
Ackley,LLH:swap-hybrid,18.512960220931788,19.939961452067866,19.982185116546557,0.5129822701588538,20.79079300030053,0.0,-1,0.18194367090861002,"[20.366295, 19.607472, 18.51296, 19.142628, 19.734667, 20.087799, 20.427474, 19.277746, 19.777887, 20.185006, 19.891473, 20.184419, 19.278445, 20.027437, 20.466864, 19.529246, 19.393261, 20.433446, 20.608108, 19.973624, 19.405405, 20.015111, 19.759065, 20.790793, 20.543262, 19.980942, 19.748628, 19.983428, 20.485707, 20.580243]",,,,
Ackley,LLH:swap-fluid,18.463208227111483,19.845960191832464,19.925045146419322,0.5797296193072179,20.806823654082148,0.0,-1,0.16674689451853433,"[20.262902, 20.498487, 18.463208, 18.95442, 18.703778, 19.073865, 19.776852, 19.799712, 19.898522, 19.37924, 20.003224, 20.434696, 19.173978, 20.146888, 20.144602, 19.87034, 19.057246, 19.387513, 20.579951, 20.10753, 19.621, 19.900852, 20.223864, 20.806824, 20.297585, 19.761888, 19.949238, 20.214801, 20.529921, 20.355876]",,,,
Rosenbrock,HH-UCB,3.2069177061552026,52.55808088407612,12.404762442409343,81.40593220087442,365.1613496454291,0.0,-1,0.3818870941797892,"[9.50186, 9.122022, 71.477724, 32.568366, 7.807046, 12.556463, 24.132513, 109.079948, 8.953758, 16.567479, 24.94326, 75.196848, 9.978879, 9.718495, 14.851685, 90.008572, 8.947415, 9.194728, 3.206918, 241.083685, 8.874787, 12.253062, 8.179092, 10.149832, 365.16135, 7.695558, 91.99334, 8.1263, 204.550681, 70.860761]",,,,
Rosenbrock,HH-Random,3.319971387821384,53.94586161518828,15.064767302414545,63.65951205501162,260.13489796035367,0.0,-1,0.28773680528004963,"[10.593196, 164.094011, 5.126635, 4.766339, 4.55061, 8.679681, 260.134898, 8.608097, 90.636956, 9.373603, 10.925292, 8.04691, 73.599556, 21.084736, 5.191512, 105.119986, 85.124731, 12.567025, 186.277823, 36.686644, 7.500556, 17.56251, 6.918707, 3.319971, 74.205843, 10.023673, 104.55114, 97.428603, 66.518925, 119.157679]",,,,
Rosenbrock,LLH:SA,8.834688784329403,54.5227386809801,19.89071486207483,74.9937625249035,318.32776257081304,0.0,-1,0.1533504565556844,"[12.750193, 12.953984, 14.531437, 94.235785, 12.320314, 158.385145, 19.539586, 12.387041, 25.957966, 318.327763, 33.626678, 27.56333, 16.347789, 271.024736, 114.278057, 20.241844, 8.834689, 9.900642, 16.275348, 13.046489, 79.359851, 13.895216, 111.900487, 95.36893, 11.610213, 15.562802, 23.052559, 36.58483, 15.288707, 20.529746]",,,,
Rosenbrock,LLH:Tabu,35.13199857181084,57.11408896643578,51.92142959380837,17.486701497628637,123.89350319109731,0.0,-1,0.17069847583770753,"[48.657572, 67.699253, 48.516308, 85.414141, 40.234212, 40.95078, 68.004092, 51.661535, 35.131999, 42.524147, 58.95266, 123.893503, 37.117034, 45.302954, 69.908208, 57.795823, 54.670963, 79.659399, 68.609098, 51.754097, 44.671008, 44.824752, 63.054378, 53.656784, 64.973158, 70.225394, 50.653334, 46.217269, 46.600053, 52.088762]",,,,
Rosenbrock,LLH:VNS,2.860061992588358,9.880908348169404,7.426573390887938,11.17678660784044,68.14849429141671,0.0,-1,0.1913886308670044,"[9.867487, 5.971237, 7.091484, 7.420987, 4.307547, 8.28701, 9.223637, 7.012076, 8.345461, 7.43216, 6.930361, 16.929718, 8.6263, 5.355921, 12.562581, 5.779278, 4.063911, 9.353315, 11.941772, 12.431036, 5.682286, 6.784642, 6.634568, 2.860062, 5.630739, 68.148494, 8.332595, 6.637007, 9.092181, 7.691396]",,,,
Rosenbrock,LLH:LNS,90.3842187090691,408.27325784177475,380.62114995934917,173.10492009516204,759.017556409048,0.0,-1,0.3050415277481079,"[670.490443, 671.460684, 695.994996, 278.922353, 292.597087, 538.660985, 313.4768, 580.72522, 376.955811, 269.753738, 454.874743, 119.015398, 313.337719, 463.533312, 169.362019, 336.422903, 684.902605, 90.384219, 422.453403, 289.526652, 270.335769, 521.528923, 456.163676, 343.826189, 200.631884, 759.017556, 332.851838, 451.645159, 384.286489, 495.059162]",,,,
Rosenbrock,LLH:DE/rand/1,0.27073150504529564,1700.223921816071,8.223435023596572,6928.182927540692,37000.47191084918,0.0,-1,0.19839460055033367,"[4.762779, 0.270732, 8.458282, 7.552737, 11.738547, 71.459525, 12510.812192, 10.154336, 1.987937, 9.515662, 7.668057, 4.040637, 37000.471911, 84.451527, 6.889299, 13.724239, 26.473083, 5.680564, 49.333243, 4.026054, 7.885115, 4.4431, 11.632345, 29.820825, 7.556514, 1068.312784, 7.988588, 14.136925, 7.519778, 7.950341]",,,,
Rosenbrock,LLH:DE/best/1,0.9408520186213294,194.68909794420523,19.870197589501487,494.50089679836714,2510.637973337503,0.0,-1,0.296746039390564,"[25.770597, 84.15052, 96.263402, 7.097945, 5.653413, 10.195524, 66.34965, 2510.637973, 2.044433, 123.927647, 8.02883, 10.283776, 299.809928, 23.923948, 9.130467, 0.940852, 68.190641, 82.496576, 995.025151, 998.399193, 101.507401, 141.004206, 15.816447, 3.786591, 1.391004, 9.18392, 7.366849, 10.543109, 113.909658, 7.843288]",,,,
Rosenbrock,LLH:PSO,18612.26000126889,183544.97801121528,150327.39100718434,122031.47608923411,590501.7942989374,0.0,-1,0.18610063393910725,"[456386.106142, 122718.727682, 90939.252211, 18612.260001, 151406.242242, 186636.529283, 590501.794299, 120237.269515, 208344.489315, 279384.695136, 288976.571618, 227066.427272, 218734.861571, 163234.340558, 167689.345221, 184021.78271, 110142.722958, 156953.933498, 284603.77, 127612.063549, 41822.573151, 145740.357027, 100104.796408, 149248.539772, 90334.965187, 127969.348945, 72372.441021, 411684.783702, 94443.621326, 118424.729017]",,,,
Rosenbrock,LLH:perturb-V,17491.8137693406,161328.32443688967,124170.68682088976,116887.59420649818,586650.8069566367,0.0,-1,0.1366100549697876,"[400168.170649, 104984.136785, 90931.996255, 17491.813769, 106602.402172, 172632.16003, 586650.806957, 117266.299586, 208264.98239, 243627.538567, 155382.001252, 149723.839137, 176071.469741, 162997.699894, 87041.02845, 183335.804899, 104289.405546, 148724.150777, 256613.701417, 127483.031355, 27093.861525, 134150.323507, 97838.409703, 120858.342287, 70680.765968, 120018.503343, 68984.594869, 402670.068482, 92972.483205, 104299.940592]",,,,
Rosenbrock,LLH:perturb-w,13559.717830961094,171609.17288833892,148045.87959585205,119878.47424351732,538680.0373129807,0.0,-1,0.14894846280415852,"[444828.220611, 122662.525981, 90116.412273, 13559.717831, 151041.848564, 183632.160327, 538680.037313, 117613.433385, 207088.483442, 279258.4233, 283057.316666, 189012.544889, 211676.922855, 160183.139579, 166448.746427, 178929.335903, 96954.848059, 155963.726908, 277216.794957, 78633.030128, 41815.112353, 145049.910628, 66040.365094, 140183.811761, 88092.632565, 77311.676541, 47910.280107, 411682.905532, 94221.008495, 89409.814176]",,,,
Rosenbrock,LLH:perturb-share,18255.57989347133,155708.85462645537,129243.99333381158,111369.91287874132,585959.1528889461,0.0,-1,0.14471176465352376,"[336045.251144, 101334.326793, 89959.038955, 18255.579893, 130828.70643, 168962.37556, 585959.152889, 111148.980547, 207792.484399, 271344.616988, 286651.246301, 222558.411534, 196700.407984, 154242.52535, 165249.964866, 156184.016228, 84706.541734, 156703.615027, 279049.638824, 100435.671112, 28003.360788, 110048.556239, 95151.09189, 146956.015709, 89083.211706, 127659.280237, 58448.490362, 59488.793307, 83544.233358, 48770.052637]",,,,
Rosenbrock,LLH:swap-hybrid,11668.467554988494,159821.17265097387,129087.09794192393,115604.55099718408,585848.9074597969,0.0,-1,0.1291888952255249,"[238911.740146, 117165.827332, 67803.9053, 11668.467555, 79184.630993, 174410.842304, 585848.90746, 117965.95346, 180992.621087, 275320.021936, 288405.18301, 155318.829618, 181096.065384, 132142.945522, 166935.187055, 183008.703689, 90832.307508, 133892.763096, 283158.809492, 126031.250362, 35472.661104, 67475.267503, 90025.311723, 144434.569716, 89534.136353, 122733.537582, 65267.024332, 410525.340161, 62589.319767, 116483.048981]",,,,
Rosenbrock,LLH:swap-fluid,17491.81390083334,161328.32776121286,124170.68926296764,116887.5962850724,586650.807770828,0.0,-1,0.13018163839975994,"[400168.194452, 104984.136945, 90931.99743, 17491.813901, 106602.401879, 172632.160281, 586650.807771, 117266.29894, 208264.983995, 243627.558894, 155382.008671, 149723.847985, 176071.468546, 162997.704558, 87041.030102, 183335.805286, 104289.407834, 148724.179058, 256613.702238, 127483.032613, 27093.85955, 134150.317782, 97838.409792, 120858.345912, 70680.765936, 120018.503461, 68984.595177, 402670.068968, 92972.483105, 104299.941776]",,,,
Griewank,HH-UCB,0.3631970846040762,0.7304134202483128,0.6996110245578027,0.18208314826037125,1.0655966105933723,0.0,-1,0.2984287659327189,"[0.992227, 0.472915, 0.687048, 0.803941, 0.61893, 0.576531, 0.632794, 0.982734, 0.541033, 0.644571, 0.823806, 0.50662, 0.76082, 0.635553, 0.652867, 0.888734, 0.363197, 0.783418, 0.703816, 0.629421, 0.881984, 0.744404, 0.942057, 1.065597, 0.695406, 0.550698, 1.020749, 0.929931, 0.455325, 0.925276]",,,,
Griewank,HH-Random,0.1885917609338672,0.5623192548848068,0.4846957208620016,0.2726394623101674,1.3846996841679864,0.0,-1,0.2735227346420288,"[0.448568, 0.711525, 0.618669, 0.372662, 1.14267, 0.188592, 0.223504, 0.256322, 0.554395, 0.448509, 0.406545, 0.508658, 0.885513, 0.682312, 0.282915, 0.63822, 0.460733, 0.267204, 0.812524, 0.852913, 0.62771, 1.3847, 0.521153, 0.454817, 0.728852, 0.454258, 0.44853, 0.365181, 0.875629, 0.245793]",,,,
Griewank,LLH:SA,0.9225332700037434,1.0743710317484074,1.072625254287096,0.08252332397634976,1.2976831895990517,0.0,-1,0.17761407693227133,"[1.053864, 1.117388, 0.994647, 0.975178, 1.122447, 1.170156, 0.922533, 0.978878, 1.143537, 1.107468, 1.10654, 1.047135, 1.199218, 1.1214, 1.065521, 0.971582, 1.05146, 1.064267, 0.985323, 0.983502, 1.040903, 1.154117, 1.133306, 1.297683, 1.097038, 1.07973, 1.086968, 0.99406, 0.979791, 1.18549]",,,,
Griewank,LLH:Tabu,1.370234612264776,1.7040037774288457,1.6852899251430937,0.18114782808584823,2.11038551291077,0.0,-1,0.20726131598154704,"[1.68014, 1.459695, 1.469834, 1.788591, 1.834669, 1.550032, 1.739629, 2.05364, 1.72338, 1.687778, 1.849323, 1.65392, 1.589245, 1.701335, 1.949619, 1.535253, 1.370235, 2.008012, 1.695105, 1.466304, 1.797232, 1.956817, 1.62206, 1.514979, 2.110386, 1.768614, 1.67756, 1.682802, 1.609548, 1.574376]",,,,
Griewank,LLH:VNS,0.2333807988906852,0.5135174459532236,0.44400471251921114,0.20234391106501234,0.9403958403231061,0.0,-1,0.2590407133102417,"[0.233381, 0.428226, 0.407703, 0.348822, 0.358057, 0.393085, 0.790299, 0.454919, 0.618655, 0.270646, 0.368333, 0.422427, 0.850074, 0.916826, 0.450686, 0.263564, 0.594728, 0.466485, 0.370437, 0.940396, 0.919434, 0.519591, 0.424232, 0.448738, 0.812134, 0.525768, 0.387719, 0.342905, 0.637983, 0.439272]",,,,
Griewank,LLH:LNS,2.6349925033766732,4.962726423971693,4.5799057871932245,1.530095145310478,8.03519764297855,0.0,-1,0.3927004893620809,"[4.683627, 3.468693, 5.999644, 7.194903, 3.785227, 4.703414, 7.874496, 7.575841, 4.416547, 4.2794, 4.273883, 7.611156, 3.287451, 5.806295, 4.597111, 4.562701, 8.035198, 4.354293, 4.676536, 5.099161, 4.055881, 2.634993, 6.442914, 2.711427, 5.623079, 6.270366, 4.454184, 2.930785, 3.525197, 3.947391]",,,,
Griewank,LLH:DE/rand/1,0.014772407791743714,0.10232158881589531,0.07393632463591415,0.0996534466619458,0.5130309451212345,0.0,-1,0.5405253728230794,"[0.019697, 0.19133, 0.025011, 0.03416, 0.051648, 0.090338, 0.11459, 0.046897, 0.073739, 0.111447, 0.276318, 0.08715, 0.125586, 0.125108, 0.014772, 0.030298, 0.272309, 0.058159, 0.041822, 0.049275, 0.513031, 0.034681, 0.096046, 0.074133, 0.037478, 0.055146, 0.129379, 0.09774, 0.059916, 0.132442]",,,,
Griewank,LLH:DE/best/1,0.6985194888286766,4.930011684895421,3.677728925569656,4.669557846502812,21.873558545157092,0.0,-1,0.4083913246790568,"[0.762659, 5.810329, 1.384487, 2.456075, 9.40273, 0.829892, 0.816673, 4.106313, 3.695239, 8.819919, 1.976989, 3.66373, 1.255826, 1.299898, 3.691728, 8.444808, 6.644487, 5.213534, 1.920157, 2.062299, 3.469209, 0.698519, 15.334269, 21.873559, 7.53909, 0.708109, 9.431363, 1.725458, 6.481412, 6.381592]",,,,
Griewank,LLH:PSO,91.84315241337089,149.97909349190547,141.67379735235875,38.075516190584615,236.0976653347686,0.0,-1,0.17618540128072102,"[171.747314, 165.460288, 104.831584, 91.843152, 109.789258, 175.772921, 164.587647, 129.000741, 140.089027, 144.096387, 139.500737, 236.097665, 101.786495, 126.948201, 140.845716, 115.796476, 96.269383, 182.191544, 215.165953, 163.608536, 97.18511, 129.212725, 166.503526, 216.35855, 208.229845, 130.116791, 128.843904, 142.501878, 183.745523, 181.245925]",,,,
Griewank,LLH:perturb-V,77.59663131531036,130.8563500537661,123.14502360971838,39.378669407564985,214.37079018254835,0.0,-1,0.12243175506591797,"[126.459781, 106.763759, 86.027626, 87.270594, 77.596631, 95.444562, 112.537285, 128.144167, 133.289861, 98.427762, 132.673808, 214.37079, 92.43728, 126.897957, 112.472049, 114.629519, 85.586691, 108.382844, 206.673363, 163.244651, 95.058703, 119.830266, 155.615623, 208.84209, 207.915035, 113.493765, 128.836026, 140.521243, 179.823678, 166.423091]",,,,
Griewank,LLH:perturb-w,52.92709609297163,129.60302786245921,127.86236292128802,37.49593317760343,207.43698339113269,0.0,-1,0.12812399864196777,"[120.596334, 146.638459, 100.751857, 62.302419, 106.971161, 175.056796, 155.822096, 126.945389, 139.812445, 122.918967, 105.357356, 189.33729, 92.442515, 52.927096, 117.832655, 110.827121, 90.369802, 180.682085, 134.028953, 163.526324, 82.444941, 80.220541, 143.641025, 191.111877, 207.436983, 121.992667, 128.779337, 141.993062, 136.883979, 158.439302]",,,,
Griewank,LLH:perturb-share,52.005070902227864,129.72520657600694,127.61948775177663,42.42650939590647,209.26818731278618,0.0,-1,0.1260086456934611,"[156.904431, 129.943277, 104.776068, 84.350473, 104.846594, 159.969128, 149.027708, 61.158489, 120.665583, 143.989891, 137.196309, 208.966246, 66.115802, 123.093625, 123.093677, 108.583112, 52.005071, 179.683426, 158.257746, 78.924006, 96.276331, 125.322211, 159.487707, 209.268187, 204.514196, 129.916764, 80.359697, 95.846253, 161.562683, 177.651505]",,,,
Griewank,LLH:swap-hybrid,88.21545681739994,139.5024177945803,134.6417083176387,36.38100625645137,214.6303887685882,0.0,-1,0.11835596561431885,"[170.796763, 165.448873, 88.215457, 91.210508, 107.732649, 158.832398, 163.353517, 104.029452, 128.286221, 142.483203, 137.908571, 160.210523, 89.852939, 120.863707, 134.275243, 102.583283, 93.325627, 165.661222, 214.35587, 149.439647, 92.541426, 117.109654, 119.588036, 214.630389, 207.83349, 126.945357, 127.853872, 135.008173, 177.24145, 177.455013]",,,,
Griewank,LLH:swap-fluid,77.59670059095086,130.85640013760332,123.14510141263887,39.37865878129768,214.37079014553996,0.0,-1,0.1144194761912028,"[126.459801, 106.763759, 86.027628, 87.270675, 77.596701, 95.444562, 112.537303, 128.144226, 133.289861, 98.427762, 132.673808, 214.37079, 92.437285, 126.897964, 112.472312, 114.629526, 85.586742, 108.383246, 206.673395, 163.244649, 95.058704, 119.830402, 155.615636, 208.842194, 207.91504, 113.493768, 128.836027, 140.521461, 179.823678, 166.423098]",,,,
Schwefel,HH-UCB,130.48366201856697,485.0737053909237,477.39921392780525,200.95113261701903,894.4337966003768,0.0,-1,0.20052193800608317,"[130.483662, 153.536935, 477.308897, 201.114004, 369.025461, 247.476705, 345.738991, 240.277784, 594.817222, 475.950791, 763.914475, 366.982063, 360.669997, 653.680958, 713.829968, 792.049291, 474.465856, 399.412625, 477.489531, 726.157183, 481.60859, 792.819518, 605.133962, 538.58278, 359.535716, 223.984385, 894.433797, 516.734883, 572.801658, 602.193477]",,,,
Schwefel,HH-Random,118.45136912063117,516.0841609003942,542.0004431234613,207.4401112505415,1008.2687755526899,0.0,-1,0.16058398087819417,"[534.656281, 474.055234, 574.102381, 454.29056, 466.998713, 337.392339, 930.847339, 811.389562, 1008.268776, 359.094067, 595.583453, 632.457233, 549.344605, 119.781248, 610.22907, 667.218214, 118.451369, 573.951889, 420.935619, 691.92593, 574.052192, 595.313604, 143.775906, 475.374407, 245.711852, 638.183564, 675.553815, 368.579436, 365.185809, 469.82036]",,,,
Schwefel,LLH:SA,252.6701906557605,1222.781541782486,1275.844225795061,360.7899308865191,2044.4262656818678,0.0,-1,0.10073014895121256,"[1019.404457, 805.724956, 868.863117, 572.715689, 1260.840888, 1489.245611, 2044.426266, 1122.816293, 1304.140388, 668.291555, 1295.163835, 1386.57857, 1318.932467, 1739.412848, 1365.105598, 1356.735075, 965.154394, 1214.919801, 1346.018436, 1513.317992, 1616.455659, 1181.88503, 976.529917, 1275.820729, 1213.764024, 1275.867723, 1105.922065, 1835.479468, 252.670191, 1291.243216]",,,,
Schwefel,LLH:Tabu,776.4854778677313,1425.4819782180386,1414.0250866516337,319.2836386790936,2259.350132109787,0.0,-1,0.12047523657480876,"[1747.732171, 1224.441185, 1754.038921, 1673.51232, 950.843713, 1395.670032, 776.485478, 1762.345361, 1078.638311, 1317.832195, 1366.588332, 1810.496079, 1378.465264, 1594.926718, 1130.784903, 1148.810648, 1656.834583, 2259.350132, 1726.426526, 1556.820099, 1512.387627, 1178.988466, 1578.230481, 1054.622895, 1041.026943, 1219.454677, 1096.977318, 1432.380141, 1634.712239, 1704.635588]",,,,
Schwefel,LLH:VNS,119.84462455320272,515.9575586417631,475.9898420162749,186.13389955056397,1048.391286588745,0.0,-1,0.151720396677653,"[594.174906, 356.763633, 411.12063, 119.844625, 455.875852, 836.707998, 465.946093, 357.975863, 276.836291, 475.938766, 476.631696, 593.370427, 1048.391287, 577.537422, 573.730911, 594.450406, 475.321212, 593.911151, 455.468953, 356.139808, 475.986166, 832.490678, 712.421505, 355.599679, 475.993518, 239.251098, 474.186316, 744.254977, 476.656794, 595.748101]",,,,
Schwefel,LLH:LNS,293.71320187514584,529.935204034007,552.6737841430386,131.12388119269906,815.4201062439474,0.0,-1,0.24836672941843668,"[478.917574, 341.443929, 668.780534, 635.29716, 432.294005, 552.179452, 546.422182, 601.321019, 566.26145, 562.042377, 627.821163, 703.888591, 439.270854, 304.030394, 522.760598, 302.407163, 580.384746, 477.221384, 670.488807, 577.317671, 553.168116, 548.215455, 553.787605, 582.34419, 365.714093, 293.713202, 449.671032, 382.025835, 763.445433, 815.420106]",,,,
Schwefel,LLH:DE/rand/1,476.78745748208667,966.4345976528732,936.4381927872951,281.54753993770174,1561.83605336771,0.0,-1,0.2300728480021159,"[1055.904839, 868.175789, 1169.197525, 976.295148, 714.529122, 1428.845313, 1176.853675, 1075.624326, 783.263744, 595.225792, 798.820798, 547.183112, 1105.972058, 1561.836053, 832.302631, 855.499133, 832.685057, 1200.932769, 960.619301, 1095.816852, 476.787457, 1548.800707, 912.257085, 838.579458, 1060.935598, 870.501822, 652.74409, 1077.623987, 1400.864339, 518.360347]",,,,
Schwefel,LLH:DE/best/1,690.8931602980792,1337.8475404796554,1352.2169785544581,330.8849807207633,2083.30114956025,0.0,-1,0.24588614304860432,"[1342.347633, 749.651403, 929.286737, 1291.982113, 1442.738631, 1642.983765, 1106.988017, 1264.91237, 690.89316, 1424.315889, 1529.377169, 1541.281214, 751.705595, 1486.558298, 986.999722, 1362.086324, 1720.511772, 1283.150901, 1903.976589, 1675.62202, 1223.873702, 1302.965519, 1287.635859, 1758.498922, 1465.304239, 848.91652, 1365.083233, 1445.567239, 1226.91051, 2083.30115]",,,,
Schwefel,LLH:PSO,2379.2996754517253,3126.088054156251,3132.3510358427848,350.6365486416298,3863.492620468028,0.0,-1,0.1247124989827474,"[2955.297284, 2858.342688, 3086.220373, 2977.845444, 2442.622249, 3648.797117, 2496.976321, 3241.623633, 3286.959974, 3725.234892, 3129.293778, 3288.447314, 3206.745046, 3220.810078, 3078.511696, 3118.720871, 3135.244268, 3096.330493, 3176.283998, 2834.742771, 3497.898744, 3129.457804, 2892.899521, 2575.406985, 3863.49262, 3270.521219, 2379.299675, 3298.675024, 3264.265131, 3605.674613]",,,,
Schwefel,LLH:perturb-V,1880.4861520440609,2839.2167861900507,2860.7641271590355,426.125784311685,3722.3046779699025,0.0,-1,0.08198005358378092,"[2478.325172, 2709.487475, 2691.285176, 2259.826644, 2417.343159, 3398.924677, 1983.004889, 2938.872486, 2875.543216, 3722.304678, 2722.771236, 2917.043762, 3197.173146, 2777.967198, 3078.477023, 3112.044929, 2974.414571, 3095.919629, 2845.985038, 2597.54486, 2877.255887, 2828.328668, 2739.005807, 2158.760643, 3623.375144, 3027.950712, 1880.486152, 3194.970001, 2664.877754, 3387.233855]",,,,
Schwefel,LLH:perturb-w,2244.172994137833,2837.0012649375435,2858.440931850694,347.5326395024296,3640.551590305067,0.0,-1,0.08228031794230144,"[2688.12392, 2762.252685, 2632.234444, 2561.648172, 2422.277856, 3048.590364, 2289.889996, 3056.528632, 3105.718634, 3640.55159, 3074.791843, 2819.337368, 2899.102206, 3055.076622, 2244.172994, 3076.812369, 2648.517481, 2568.377257, 3086.943946, 2811.113609, 3293.059074, 2897.544495, 2474.02779, 2353.684456, 3612.28384, 2975.630107, 2328.340513, 2966.716094, 2728.20455, 2988.48504]",,,,
Schwefel,LLH:perturb-share,2011.0182304390287,2870.8479222436017,2931.369937478856,342.02116445784003,3505.42432858377,0.0,-1,0.07694635391235352,"[2702.367244, 2562.707664, 2977.053304, 2971.42429, 2365.219014, 3061.104526, 2369.782207, 2806.658024, 3253.473313, 2932.74336, 2948.968714, 2893.536064, 2983.982715, 2806.745087, 2886.845761, 2968.373468, 2825.723328, 2929.996515, 3175.76182, 2271.39706, 3297.082197, 3088.715915, 2853.518315, 2219.263706, 3505.424329, 3034.481076, 2011.01823, 2880.830432, 3140.826481, 3400.413508]",,,,
Schwefel,LLH:swap-hybrid,1614.7934672756269,2761.7499446683373,2809.102745118712,372.67015879266927,3480.494806375503,0.0,-1,0.07849798997243246,"[2909.162687, 2520.24983, 2540.881614, 2856.915075, 1614.793467, 3409.10431, 2108.427441, 2679.207616, 2814.20149, 3392.213885, 2418.731059, 2769.135533, 2894.882395, 2758.641465, 2983.851076, 2546.30983, 2942.540588, 2687.622587, 2940.127573, 2804.004, 3065.846262, 2922.969454, 2751.968953, 2293.960158, 3025.80425, 2867.656072, 2357.727489, 2576.357422, 2918.709952, 3480.494806]",,,,
Schwefel,LLH:swap-fluid,1880.4861554612762,2808.647101734331,2824.3814382637174,407.7284456548903,3722.305754892931,0.0,-1,0.08074908256530762,"[2478.325191, 2709.487555, 2691.285268, 2259.828616, 2417.343068, 3398.924669, 1983.004855, 2820.434216, 2787.682254, 3722.305755, 2722.771612, 2917.045595, 3078.734679, 2777.765031, 2960.042822, 2993.61016, 2855.976225, 3095.932359, 2845.987627, 2597.545797, 2877.256375, 2828.328661, 2739.009198, 2158.765236, 3504.936899, 3027.953227, 1880.486155, 3076.531883, 2664.877754, 3387.234309]",,,,
ETC-Eff-op1,HH-UCB,-0.7603280233250767,-0.7603205402294867,-0.7603280233250767,1.3363360388981079e-05,-0.7602852059701797,1.0,7.9,0.5211957375208537,"[-0.760285, -0.760312, -0.760328, -0.760328, -0.760328, -0.760328, -0.760285, -0.760312, -0.760328, -0.760328, -0.760328, -0.760328, -0.760328, -0.760312, -0.760285, -0.760328, -0.760328, -0.760312, -0.760328, -0.760328, -0.760328, -0.760328, -0.760312, -0.760328, -0.760328, -0.760328, -0.760328, -0.760328, -0.760312, -0.760328]",0.7603205402294867,0.7603280233250767,1.0,"[2, 0, 0.4195157111356578, 43.22418494790782, 3.4749717882126805]"
ETC-Eff-op1,HH-Random,-0.7603280233250767,-0.7603212604797466,-0.7603280233250767,1.0038957771858145e-05,-0.7602852059701797,1.0,7.933333333333334,0.9301018397013346,"[-0.760312, -0.760328, -0.760328, -0.760328, -0.760328, -0.760312, -0.760312, -0.760328, -0.760312, -0.760312, -0.760328, -0.760312, -0.760328, -0.760285, -0.760328, -0.760328, -0.760328, -0.760312, -0.760312, -0.760328, -0.760312, -0.760328, -0.760328, -0.760328, -0.760328, -0.760328, -0.760328, -0.760312, -0.760328, -0.760328]",0.7603212604797466,0.7603280233250767,1.0,"[2, 0, 0.5717819604004113, 39.7720496001707, 3.4472965750082176]"
ETC-Eff-op1,LLH:SA,-0.7603280233250767,-0.7602977618654466,-0.7603120165245756,3.75419138198152e-05,-0.760209418467274,1.0,7.6,0.8730522950490316,"[-0.760209, -0.760328, -0.760209, -0.760312, -0.760283, -0.760312, -0.760209, -0.760312, -0.760328, -0.760312, -0.760328, -0.760312, -0.760328, -0.760283, -0.760312, -0.760312, -0.760328, -0.760209, -0.760312, -0.760312, -0.760283, -0.760328, -0.760312, -0.760328, -0.760283, -0.760312, -0.760328, -0.760312, -0.760312, -0.760283]",0.7602977618654466,0.7603280233250767,1.0,"[2, 0, 0.4810108473206778, 55.49494403228196, 3.0636724637458035]"
ETC-Eff-op1,LLH:Tabu,-0.7603280233250767,-0.760288051623004,-0.7602829561348408,3.564203665096252e-05,-0.760209418467274,1.0,7.933333333333334,0.6890900611877442,"[-0.760209, -0.760283, -0.760328, -0.760312, -0.760283, -0.760312, -0.760209, -0.760283, -0.760283, -0.760283, -0.760328, -0.760312, -0.760283, -0.760283, -0.760285, -0.760283, -0.760328, -0.760209, -0.760209, -0.760283, -0.760312, -0.760283, -0.760283, -0.760328, -0.760283, -0.760312, -0.760328, -0.760312, -0.760328, -0.760283]",0.760288051623004,0.7603280233250767,1.0,"[2, 0, 0.5011968189684566, 57.85614940035273, 3.025310459685661]"
ETC-Eff-op1,LLH:VNS,-0.7603280233250767,-0.7602929720338897,-0.7603120165245756,3.858118389907997e-05,-0.760209418467274,1.0,8.133333333333333,0.41744654178619384,"[-0.760312, -0.760229, -0.760328, -0.760312, -0.760328, -0.760209, -0.760209, -0.760328, -0.760312, -0.760312, -0.760283, -0.760312, -0.760312, -0.760312, -0.760209, -0.760328, -0.760312, -0.760209, -0.760312, -0.760328, -0.760312, -0.760312, -0.760283, -0.760283, -0.760283, -0.760312, -0.760283, -0.760312, -0.760328, -0.760283]",0.7602929720338897,0.7603280233250767,1.0,"[2, 0, 0.519780386138886, 49.06680459178307, 2.6694857573966524]"
ETC-Eff-op1,LLH:LNS,-0.7603280233250767,-0.7603280233250767,-0.7603280233250767,0.0,-0.7603280233250767,1.0,7.933333333333334,0.9220667600631713,"[-0.760328, -0.760328, -0.760328, -0.760328, -0.760328, -0.760328, -0.760328, -0.760328, -0.760328, -0.760328, -0.760328, -0.760328, -0.760328, -0.760328, -0.760328, -0.760328, -0.760328, -0.760328, -0.760328, -0.760328, -0.760328, -0.760328, -0.760328, -0.760328, -0.760328, -0.760328, -0.760328, -0.760328, -0.760328, -0.760328]",0.7603280233250767,0.7603280233250767,1.0,"[2, 0, 0.5661993987455314, 48.86115267495194, 2.6779042826414283]"
ETC-Eff-op1,LLH:DE/rand/1,-0.7603280233250767,-0.7603133657103798,-0.7603120165245756,1.6295353913824536e-05,-0.7602829561348408,1.0,8.866666666666667,0.9162469784418742,"[-0.760312, -0.760285, -0.760328, -0.760312, -0.760328, -0.760328, -0.760285, -0.760328, -0.760312, -0.760328, -0.760328, -0.760312, -0.760328, -0.760283, -0.760328, -0.760328, -0.760312, -0.760312, -0.760328, -0.760283, -0.760328, -0.760283, -0.760312, -0.760328, -0.760328, -0.760312, -0.760312, -0.760312, -0.760312, -0.760285]",0.7603133657103798,0.7603280233250767,1.0,"[2, 0, 0.48482126370726786, 44.55196338915269, 2.522712665235323]"
ETC-Eff-op1,LLH:DE/best/1,-0.7603280233250767,-0.7602704612214866,-0.7602829561348408,8.555380781263696e-05,-0.7598638572848967,1.0,7.7,0.4863437096277873,"[-0.760312, -0.760312, -0.760328, -0.760209, -0.760328, -0.760312, -0.760209, -0.760312, -0.760328, -0.760283, -0.760244, -0.760283, -0.760283, -0.760209, -0.760283, -0.760215, -0.760283, -0.760209, -0.759864, -0.760328, -0.760265, -0.760283, -0.760283, -0.760244, -0.760328, -0.760312, -0.760312, -0.760312, -0.760328, -0.760312]",0.7602704612214866,0.7603280233250767,1.0,"[2, 0, 0.6399305814216483, 51.81112383367622, 2.6081289396643625]"
ETC-Eff-op1,LLH:PSO,-0.7603120165245756,-0.756686300535209,-0.7599282859279624,0.005846056479018081,-0.7416678331821928,0.8333333333333334,5.44,0.6746757666269938,"[-0.760209, -0.758472, -0.759972, -0.756344, -0.759928, -0.759975, -0.760209, -0.742766, -0.741668, -0.760058, -0.759994, -0.759975, -0.745193, -0.755749, -0.759877, -0.756568, -0.759928, -0.760102, -0.759864, -0.745635, -0.760215, -0.745193, -0.760283, -0.759001, -0.760244, -0.760312, -0.756111, -0.760312, -0.756188, -0.760244]",0.7584536732804239,0.7639411415369654,0.8666666666666667,"[1, 0, 1.4604682293119424, 55.94740981317793, 3.6672700282439097]"
ETC-Eff-op1,LLH:perturb-V,-0.7603120165245756,-0.7586101862496039,-0.7600302738177359,0.0044257576337574595,-0.745193369001778,0.9,6.333333333333333,0.8720511436462403,"[-0.760209, -0.760104, -0.759972, -0.759975, -0.759928, -0.759975, -0.760209, -0.760015, -0.760201, -0.760058, -0.759994, -0.759975, -0.745193, -0.759864, -0.759877, -0.760036, -0.759928, -0.760102, -0.759864, -0.745635, -0.760215, -0.745193, -0.760283, -0.760244, -0.760244, -0.760312, -0.76012, -0.760312, -0.760024, -0.760244]",0.7586101862496039,0.7603120165245756,1.0,"[0, 0, 2.2834796738822694, 39.60036408435602, 2.599705245259066]"
ETC-Eff-op1,LLH:perturb-w,-0.7603280233250767,-0.7579795723027646,-0.7601001344694502,0.004379674049636118,-0.745193369001778,0.9,6.481481481481482,0.7689132213592529,"[-0.760209, -0.758472, -0.760108, -0.756865, -0.7601, -0.760229, -0.760209, -0.759749, -0.759001, -0.76014, -0.760328, -0.760229, -0.745193, -0.75634, -0.7601, -0.757066, -0.7601, -0.760102, -0.759991, -0.745931, -0.760215, -0.745193, -0.760283, -0.759001, -0.760283, -0.760312, -0.756855, -0.760312, -0.756188, -0.760283]",0.7585914760664222,0.7637545141584916,0.8666666666666667,"[1, 0, 0.43560962123641744, 55.94740981317793, 3.6672700282439097]"
ETC-Eff-op1,LLH:perturb-share,-0.7603120165245756,-0.7568101069864894,-0.759984445240597,0.005757665502525186,-0.7418707331576246,0.8333333333333334,5.44,0.9179032802581787,"[-0.760209, -0.759001, -0.760094, -0.756422, -0.760094, -0.759975, -0.760209, -0.742766, -0.741871, -0.760201, -0.759994, -0.759975, -0.745931, -0.755936, -0.759975, -0.756568, -0.760094, -0.760209, -0.759999, -0.745635, -0.760312, -0.745931, -0.760283, -0.759001, -0.760244, -0.760312, -0.756234, -0.760312, -0.756271, -0.760244]",0.7585517052666797,0.7639411415369654,0.8666666666666667,"[1, 0, 1.4604682293119424, 55.94740981317793, 3.6672700282439097]"
ETC-Eff-op1,LLH:swap-hybrid,-0.7603280233250767,-0.756884971039769,-0.7600850591709541,0.00581713889510544,-0.7427656881836419,0.8333333333333334,5.44,0.956320333480835,"[-0.760285, -0.759166, -0.760088, -0.756344, -0.760083, -0.760312, -0.760285, -0.742766, -0.742766, -0.760058, -0.760201, -0.760312, -0.745193, -0.756221, -0.760194, -0.756694, -0.760083, -0.760265, -0.760215, -0.745635, -0.760215, -0.745193, -0.760283, -0.759749, -0.760328, -0.760312, -0.756175, -0.760312, -0.75649, -0.760328]",0.7585829072410414,0.7639411415369654,0.8666666666666667,"[1, 0, 1.4604682293119424, 55.94740981317793, 3.6672700282439097]"
ETC-Eff-op1,LLH:swap-fluid,-0.7603120165245756,-0.7581731696980356,-0.7599745147323632,0.004508862866962453,-0.7416678331821928,0.9333333333333333,6.892857142857143,0.8155737082163493,"[-0.760209, -0.758472, -0.759972, -0.756344, -0.759928, -0.759975, -0.760209, -0.742766, -0.741668, -0.760058, -0.759994, -0.759975, -0.760244, -0.755749, -0.759877, -0.756568, -0.759928, -0.760102, -0.759864, -0.76014, -0.760215, -0.760244, -0.760283, -0.759001, -0.760244, -0.760312, -0.756111, -0.760312, -0.756188, -0.760244]",0.7599405424432504,0.7639411415369654,0.8666666666666667,"[1, 0, 1.4604682293119424, 55.94740981317793, 3.6672700282439097]"
ETC-Eff-op2,HH-UCB,-0.7363611036790504,-0.7363532239886721,-0.7363611036790504,2.6458176034090496e-05,-0.7362557333491693,1.0,6.533333333333333,0.850922695795695,"[-0.736361, -0.736361, -0.736361, -0.736361, -0.736361, -0.736361, -0.736361, -0.736361, -0.736361, -0.736361, -0.736256, -0.736335, -0.736361, -0.736361, -0.736256, -0.736361, -0.736361, -0.736361, -0.736361, -0.736361, -0.736361, -0.736361, -0.736361, -0.736361, -0.736361, -0.736361, -0.736361, -0.736361, -0.736361, -0.736361]",0.7363532239886721,0.7363611036790504,1.0,"[2, 0, 2.5132093644240574, 36.11539814424194, 3.505277044084752]"
ETC-Eff-op2,HH-Random,-0.7363611036790504,-0.7363497116443426,-0.7363611036790504,3.166138066110764e-05,-0.7362557333491693,1.0,7.566666666666666,0.5728661139806112,"[-0.736361, -0.736361, -0.736361, -0.736335, -0.736361, -0.736361, -0.736361, -0.736361, -0.736361, -0.736361, -0.736361, -0.736361, -0.736256, -0.736361, -0.736361, -0.736361, -0.736361, -0.736361, -0.736256, -0.736361, -0.736361, -0.736361, -0.736361, -0.736361, -0.736361, -0.736256, -0.736361, -0.736361, -0.736361, -0.736361]",0.7363497116443426,0.7363611036790504,1.0,"[2, 0, 2.6675134382059147, 28.823947325002116, 3.7947228881620534]"
ETC-Eff-op2,LLH:SA,-0.7363611036790504,-0.736324169240481,-0.7363611036790504,5.691087427590073e-05,-0.7361982660582629,1.0,6.5,0.9231882731119792,"[-0.73632, -0.736256, -0.736361, -0.736361, -0.736361, -0.736361, -0.736198, -0.736361, -0.736198, -0.736361, -0.736361, -0.736335, -0.736256, -0.736361, -0.736361, -0.736256, -0.736361, -0.736361, -0.736361, -0.736361, -0.736361, -0.736198, -0.736361, -0.736256, -0.736335, -0.736256, -0.736361, -0.736361, -0.736361, -0.736361]",0.736324169240481,0.7363611036790504,1.0,"[2, 0, 2.332906962934035, 28.992826797613326, 3.8458801253104027]"
ETC-Eff-op2,LLH:Tabu,-0.7363611036790504,-0.7362893678690052,-0.7362557333491693,6.269154919269002e-05,-0.7361982660582629,1.0,6.533333333333333,0.8183981418609619,"[-0.736361, -0.736198, -0.736256, -0.736361, -0.736256, -0.736256, -0.736198, -0.736256, -0.736198, -0.736361, -0.736234, -0.736335, -0.736256, -0.736198, -0.736256, -0.736361, -0.736361, -0.736361, -0.736256, -0.736361, -0.736335, -0.736198, -0.736256, -0.736361, -0.736256, -0.736256, -0.736256, -0.736361, -0.736361, -0.736361]",0.7362893678690052,0.7363611036790504,1.0,"[2, 0, 2.5128609900529644, 36.11796742076487, 3.5055474084383524]"
ETC-Eff-op2,LLH:VNS,-0.7363611036790504,-0.7363144867775755,-0.7363611036790504,6.790044306325309e-05,-0.7361982660582629,1.0,8.0,0.6216554005940755,"[-0.736361, -0.736361, -0.736361, -0.736361, -0.736361, -0.736361, -0.736198, -0.736256, -0.736198, -0.736198, -0.736361, -0.736256, -0.736361, -0.736198, -0.736361, -0.736256, -0.736361, -0.736256, -0.736361, -0.736361, -0.736361, -0.736198, -0.736361, -0.736361, -0.736361, -0.736361, -0.736361, -0.736361, -0.736361, -0.736198]",0.7363144867775755,0.7363611036790504,1.0,"[2, 0, 2.287644085989311, 34.42362853718133, 3.8261454589377495]"
ETC-Eff-op2,LLH:LNS,-0.7363611036790504,-0.7363611036790506,-0.7363611036790504,2.220446049250313e-16,-0.7363611036790504,1.0,6.8,1.15236177444458,"[-0.736361, -0.736361, -0.736361, -0.736361, -0.736361, -0.736361, -0.736361, -0.736361, -0.736361, -0.736361, -0.736361, -0.736361, -0.736361, -0.736361, -0.736361, -0.736361, -0.736361, -0.736361, -0.736361, -0.736361, -0.736361, -0.736361, -0.736361, -0.736361, -0.736361, -0.736361, -0.736361, -0.736361, -0.736361, -0.736361]",0.7363611036790506,0.7363611036790504,1.0,"[2, 0, 2.673871913453296, 25.0, 4.221545458437085]"
ETC-Eff-op2,LLH:DE/rand/1,-0.7363611036790504,-0.7362510331389118,-0.7363611036790504,0.00035300319307257345,-0.734374364227528,1.0,7.966666666666667,0.9431225140889485,"[-0.736361, -0.736361, -0.736361, -0.736361, -0.736256, -0.736256, -0.736361, -0.736361, -0.736361, -0.736361, -0.736256, -0.736361, -0.73632, -0.736361, -0.736361, -0.736256, -0.736256, -0.736361, -0.736361, -0.736361, -0.736361, -0.736256, -0.736198, -0.736256, -0.736256, -0.736256, -0.736361, -0.736361, -0.734374, -0.736198]",0.7362510331389118,0.7363611036790504,1.0,"[2, 0, 2.7458670964014855, 25.0, 3.878997286625254]"
ETC-Eff-op2,LLH:DE/best/1,-0.7363611036790504,-0.7360034768204218,-0.7362557333491693,0.0014811615899305713,-0.7280355495822372,0.9666666666666667,6.0,1.0809273719787598,"[-0.736361, -0.736175, -0.736234, -0.736361, -0.736361, -0.736361, -0.736198, -0.736335, -0.736198, -0.736198, -0.736234, -0.736335, -0.73632, -0.736198, -0.736234, -0.736256, -0.736256, -0.736256, -0.736361, -0.736361, -0.736198, -0.736198, -0.736361, -0.736361, -0.736256, -0.736256, -0.736175, -0.736335, -0.728036, -0.736335]",0.7360034768204218,0.7363611036790504,1.0,"[2, 0, 2.3079503202463174, 27.165976428669143, 3.6103895054618658]"
ETC-Eff-op2,LLH:PSO,-0.7363354536274538,-0.734635883492045,-0.7359572639605502,0.0028051562296784655,-0.7245281523126406,0.9,5.037037037037037,1.0080339352289835,"[-0.734028, -0.736042, -0.735947, -0.736177, -0.734056, -0.736069, -0.736198, -0.736069, -0.736198, -0.734325, -0.733968, -0.733778, -0.724528, -0.73587, -0.735793, -0.736069, -0.735917, -0.736146, -0.736177, -0.736335, -0.735968, -0.736198, -0.734159, -0.736179, -0.734315, -0.736256, -0.727771, -0.736191, -0.728036, -0.734315]",0.734635883492045,0.7363354536274538,1.0,"[2, 0, 2.693245255785364, 43.775737969186764, 3.9794965877917274]"
ETC-Eff-op2,LLH:perturb-V,-0.7363354536274538,-0.7356818427057532,-0.7360688174638256,0.0020767589629371503,-0.7245281523126406,0.9666666666666667,5.9655172413793105,0.4395751476287842,"[-0.736224, -0.736042, -0.735947, -0.736177, -0.735741, -0.736069, -0.736198, -0.736069, -0.736198, -0.735829, -0.736177, -0.736174, -0.724528, -0.73587, -0.735793, -0.736069, -0.735917, -0.736146, -0.736177, -0.736335, -0.735968, -0.736198, -0.735978, -0.736179, -0.735954, -0.736256, -0.735863, -0.736191, -0.736234, -0.735954]",0.7356818427057532,0.7363354536274538,1.0,"[2, 0, 2.693245255785364, 43.775737969186764, 3.9794965877917274]"
ETC-Eff-op2,LLH:perturb-w,-0.7363611036790504,-0.7347681872379538,-0.7361758386685029,0.002812268040771385,-0.7245281523126406,0.9,5.037037037037037,0.4165390729904175,"[-0.734355, -0.736174, -0.735971, -0.736335, -0.734409, -0.736177, -0.736198, -0.736177, -0.736198, -0.734448, -0.73421, -0.734266, -0.724528, -0.736198, -0.736177, -0.736177, -0.735937, -0.736146, -0.736335, -0.736335, -0.736198, -0.736198, -0.734315, -0.736361, -0.734315, -0.736256, -0.727972, -0.73632, -0.728041, -0.734315]",0.7347681872379538,0.7363611036790504,1.0,"[2, 0, 2.3791904959719505, 33.669383227430146, 4.311725117349521]"
ETC-Eff-op2,LLH:perturb-share,-0.7363611036790504,-0.734673898905612,-0.7359617962804024,0.002782182450710326,-0.7247006032724297,0.9,5.037037037037037,0.36012075742085775,"[-0.734028, -0.736042, -0.735954, -0.736177, -0.734056, -0.736069, -0.736198, -0.736069, -0.736198, -0.734325, -0.734211, -0.733953, -0.724701, -0.73587, -0.735845, -0.736069, -0.735954, -0.736177, -0.736177, -0.736361, -0.73597, -0.736198, -0.734288, -0.736179, -0.734448, -0.736256, -0.727771, -0.736191, -0.728036, -0.734448]",0.734673898905612,0.7363611036790504,1.0,"[2, 0, 2.693245255785364, 26.47419967215592, 3.9794965877917274]"
ETC-Eff-op2,LLH:swap-hybrid,-0.7363354536274538,-0.7347280845465707,-0.7361699330865934,0.0028156104993186334,-0.7245281523126406,0.9,5.037037037037037,0.35013550917307534,"[-0.734228, -0.736163, -0.736053, -0.736177, -0.734067, -0.736177, -0.736335, -0.736177, -0.736335, -0.734325, -0.734196, -0.73422, -0.724528, -0.736177, -0.735815, -0.736177, -0.736033, -0.736256, -0.736177, -0.736335, -0.736182, -0.736335, -0.734159, -0.736179, -0.734315, -0.736256, -0.727924, -0.736191, -0.728036, -0.734315]",0.7347280845465707,0.7363354536274538,1.0,"[2, 0, 2.5724784478660685, 57.24782323648859, 3.73075315647101]"
ETC-Eff-op2,LLH:swap-fluid,-0.7363354536274538,-0.7349621052212664,-0.7359572639605502,0.0020881513994614673,-0.7277714584435165,0.9333333333333333,5.5,0.20250877539316814,"[-0.734028, -0.736042, -0.735947, -0.736177, -0.734056, -0.736069, -0.736198, -0.736069, -0.736198, -0.734325, -0.733968, -0.733778, -0.734315, -0.73587, -0.735793, -0.736069, -0.735917, -0.736146, -0.736177, -0.736335, -0.735968, -0.736198, -0.734159, -0.736179, -0.734315, -0.736256, -0.727771, -0.736191, -0.728036, -0.734315]",0.7349621052212664,0.7363354536274538,1.0,"[2, 0, 2.693245255785364, 43.775737969186764, 3.9794965877917274]"
ETC-PEC-op1,HH-UCB,-1.0105262827990658,-1.0105235481698251,-1.0105262827990658,4.5348695661370545e-06,-1.010516027939413,1.0,10.766666666666667,0.15219507217407227,"[-1.010516, -1.010526, -1.010526, -1.010516, -1.010516, -1.010526, -1.010526, -1.010526, -1.010526, -1.010526, -1.010526, -1.010526, -1.010526, -1.010526, -1.010516, -1.010526, -1.010526, -1.010526, -1.010516, -1.010526, -1.010516, -1.010526, -1.010526, -1.010526, -1.010516, -1.010526, -1.010526, -1.010526, -1.010526, -1.010516]",1.0105235481698251,1.0105262827990658,1.0,"[0, 1, 2.826827451244068, 25.0, 2.2234759727661375]"
ETC-PEC-op1,HH-Random,-1.0105262827990658,-1.0103521822699835,-1.0105262827990658,0.0009223368136791821,-1.005385305803818,1.0,11.766666666666667,0.1755274772644043,"[-1.010516, -1.010526, -1.010516, -1.010516, -1.005385, -1.010526, -1.010526, -1.010526, -1.010526, -1.010526, -1.010526, -1.010516, -1.010526, -1.010526, -1.010526, -1.010526, -1.010526, -1.010526, -1.010516, -1.010526, -1.010526, -1.010526, -1.010526, -1.010526, -1.010526, -1.010516, -1.010526, -1.010516, -1.010526, -1.010516]",1.0103521822699835,1.0105262827990658,1.0,"[0, 1, 3.0, 28.29303866607975, 2.042126809361883]"
ETC-PEC-op1,LLH:SA,-1.0105262827990658,-1.0104110561794326,-1.0105262827990658,0.0006091023522741822,-1.0071310133679803,1.0,9.733333333333333,0.14754681587219237,"[-1.010526, -1.010526, -1.010526, -1.010516, -1.010526, -1.010526, -1.007131, -1.010526, -1.010526, -1.010526, -1.010526, -1.010526, -1.010526, -1.010526, -1.010516, -1.010526, -1.010526, -1.010526, -1.010516, -1.010526, -1.010526, -1.010526, -1.010526, -1.010526, -1.010526, -1.010516, -1.010526, -1.010516, -1.010526, -1.010516]",1.0104110561794326,1.0105262827990658,1.0,"[0, 1, 3.0, 25.0, 2.2664548282083405]"
ETC-PEC-op1,LLH:Tabu,-1.0105262827990658,-1.0102921173479715,-1.0105262827990658,0.001251503943214638,-1.0035525935644993,1.0,13.5,0.2741502443949381,"[-1.010526, -1.010526, -1.010526, -1.010516, -1.010516, -1.010526, -1.010526, -1.010526, -1.010526, -1.010526, -1.010526, -1.003553, -1.010526, -1.010526, -1.010526, -1.010526, -1.010526, -1.010526, -1.010516, -1.010526, -1.010526, -1.010526, -1.010526, -1.010526, -1.010526, -1.010526, -1.010526, -1.010516, -1.010526, -1.010516]",1.0102921173479715,1.0105262827990658,1.0,"[0, 1, 2.928260222131301, 32.35550536653825, 2.375849029376148]"
ETC-PEC-op1,LLH:VNS,-1.0105262827990658,-1.0105242318271352,-1.0105262827990658,4.101943861112289e-06,-1.010516027939413,1.0,13.933333333333334,0.29000563621520997,"[-1.010526, -1.010526, -1.010526, -1.010516, -1.010526, -1.010526, -1.010526, -1.010526, -1.010526, -1.010526, -1.010526, -1.010526, -1.010526, -1.010526, -1.010526, -1.010526, -1.010526, -1.010526, -1.010516, -1.010526, -1.010516, -1.010526, -1.010526, -1.010526, -1.010516, -1.010516, -1.010526, -1.010526, -1.010526, -1.010516]",1.0105242318271352,1.0105262827990658,1.0,"[0, 1, 3.0, 37.02880483918964, 1.8090631983309498]"
ETC-PEC-op1,LLH:LNS,-1.0105262827990658,-1.0105249154844456,-1.0105262827990658,3.4859819652456157e-06,-1.010516027939413,1.0,9.766666666666667,0.33366989294687904,"[-1.010526, -1.010526, -1.010526, -1.010526, -1.010526, -1.010526, -1.010526, -1.010516, -1.010526, -1.010526, -1.010526, -1.010526, -1.010526, -1.010526, -1.010516, -1.010526, -1.010526, -1.010516, -1.010526, -1.010516, -1.010526, -1.010526, -1.010526, -1.010526, -1.010526, -1.010526, -1.010526, -1.010526, -1.010526, -1.010526]",1.0105249154844456,1.0105262827990658,1.0,"[0, 1, 2.819953719741129, 30.130019159208377, 1.9064728175225398]"
ETC-PEC-op1,LLH:DE/rand/1,-1.0105262827990658,-1.0102938175432117,-1.0105262827990658,0.0008575207023129074,-1.0070549568959843,1.0,10.5,0.30183683236440023,"[-1.007055, -1.010526, -1.010526, -1.010516, -1.010516, -1.010526, -1.010516, -1.010516, -1.010516, -1.010526, -1.010526, -1.010516, -1.007116, -1.010526, -1.010526, -1.010526, -1.010526, -1.010526, -1.010526, -1.010516, -1.010526, -1.010526, -1.010526, -1.010526, -1.010526, -1.010526, -1.010526, -1.010516, -1.010526, -1.010516]",1.0102938175432117,1.0105262827990658,1.0,"[0, 1, 2.8887630187744877, 25.0, 2.001743839852996]"
ETC-PEC-op1,LLH:DE/best/1,-1.0105262827990658,-1.0078543405484213,-1.0105211553692395,0.003347877099538014,-1.0002106291334862,0.9666666666666667,9.448275862068966,0.35104624430338544,"[-1.001025, -1.004892, -1.003553, -1.010526, -1.005385, -1.004892, -1.010526, -1.000211, -1.003553, -1.010526, -1.010526, -1.007116, -1.010526, -1.010526, -1.004892, -1.010526, -1.010526, -1.010526, -1.007131, -1.007055, -1.002843, -1.010526, -1.010526, -1.010526, -1.010526, -1.010516, -1.010526, -1.010526, -1.010516, -1.004157]",1.0078543405484213,1.0105262827990658,1.0,"[0, 1, 3.0, 36.859667084978014, 1.9046737179334887]"
ETC-PEC-op1,LLH:PSO,-1.0071310133679803,-1.0027819822750055,-1.002366746551691,0.0020959967227680235,-0.9996131256534343,0.7666666666666667,6.217391304347826,0.2724710702896118,"[-1.000999, -1.001151, -1.001745, -1.004992, -1.004214, -1.000391, -1.000842, -0.999613, -1.000602, -1.005476, -1.002843, -1.000396, -1.002185, -1.00465, -1.003599, -1.004892, -1.003826, -1.005663, -1.007131, -1.00248, -1.001297, -1.001504, -1.007055, -1.001526, -1.003019, -1.002254, -1.005476, -0.999922, -1.00291, -1.000807]",1.0027819822750055,1.0071310133679803,1.0,"[0, 0, 2.0210250991430034, 29.76023720612464, 0.609506795459906]"
ETC-PEC-op1,LLH:perturb-V,-1.008377731010534,-1.0040101199176121,-1.0039687547634264,0.0025359451012897205,-0.9999916960258363,0.8666666666666667,8.576923076923077,0.19838152726491293,"[-1.001083, -1.004157, -1.0022, -1.004992, -1.004214, -1.001126, -1.002843, -0.999992, -1.000602, -1.008378, -1.002843, -1.000645, -1.003599, -1.008378, -1.003599, -1.004892, -1.007055, -1.005663, -1.007131, -1.00378, -1.001897, -1.001526, -1.007055, -1.001526, -1.005663, -1.007131, -1.008378, -1.004992, -1.004157, -1.000807]",1.0040101199176121,1.008377731010534,1.0,"[0, 1, 2.2899616637684046, 30.348643027619804, 1.8215479343650722]"
ETC-PEC-op1,LLH:perturb-w,-1.0105262827990658,-1.0044471111441335,-1.0043866499549958,0.002902476964951388,-0.9996131256534343,0.9333333333333333,9.607142857142858,0.12418092091878255,"[-1.003284, -1.001224, -1.002407, -1.005385, -1.005385, -1.001664, -1.001224, -0.999613, -1.001482, -1.007116, -1.004892, -1.000937, -1.003881, -1.005735, -1.004892, -1.004892, -1.006266, -1.010526, -1.010516, -1.007116, -1.003881, -1.002252, -1.010526, -1.003284, -1.006266, -1.002254, -1.007116, -1.000129, -1.003881, -1.005385]",1.0044471111441335,1.0105262827990658,1.0,"[0, 1, 2.9525514466269422, 27.53460846172485, 2.2736147354558742]"
ETC-PEC-op1,LLH:perturb-share,-1.0105262827990658,-1.003947935304031,-1.003422529385075,0.0026451652806830125,-0.9996131256534343,0.9333333333333333,11.107142857142858,0.12902930577596028,"[-1.000999, -1.00465, -1.001745, -1.008867, -1.007131, -1.001017, -1.002691, -0.999613, -1.0022, -1.005476, -1.005663, -1.000862, -1.004682, -1.00465, -1.007055, -1.010526, -1.003826, -1.005663, -1.007131, -1.00248, -1.00248, -1.001504, -1.007055, -1.001526, -1.003019, -1.002254, -1.005476, -1.001564, -1.005476, -1.001158]",1.003947935304031,1.0105262827990658,1.0,"[0, 1, 2.9842909382368514, 27.905403754283597, 2.3828448273125487]"
ETC-PEC-op1,LLH:swap-hybrid,-1.0071310133679803,-1.0027819822750055,-1.002366746551691,0.0020959967227680235,-0.9996131256534343,0.7666666666666667,6.217391304347826,0.1500071922938029,"[-1.000999, -1.001151, -1.001745, -1.004992, -1.004214, -1.000391, -1.000842, -0.999613, -1.000602, -1.005476, -1.002843, -1.000396, -1.002185, -1.00465, -1.003599, -1.004892, -1.003826, -1.005663, -1.007131, -1.00248, -1.001297, -1.001504, -1.007055, -1.001526, -1.003019, -1.002254, -1.005476, -0.999922, -1.00291, -1.000807]",1.0027819822750055,1.0071310133679803,1.0,"[0, 0, 2.0210250991430034, 29.76023720612464, 0.609506795459906]"
ETC-PEC-op1,LLH:swap-fluid,-1.0071310133679803,-1.0033398882586533,-1.0030185820517825,0.0020440927701041887,-0.9999202250561715,0.8333333333333334,7.12,0.23857654730478922,"[-1.001887, -1.001151, -1.007055, -1.004992, -1.004214, -1.000391, -1.000842, -0.99992, -1.001321, -1.005476, -1.002843, -1.000569, -1.002185, -1.00465, -1.003599, -1.004892, -1.003826, -1.005663, -1.007131, -1.00248, -1.001297, -1.003937, -1.007055, -1.003019, -1.003019, -1.004682, -1.005476, -1.00291, -1.00291, -1.000807]",1.0033398882586533,1.0071310133679803,1.0,"[0, 0, 2.0210250991430034, 29.76023720612464, 0.609506795459906]"
ETC-PEC-op2,HH-UCB,-1.0087805818546955,-1.0085989015340242,-1.0087805818546955,0.0006787343963612968,-1.005154852278384,1.0,31.2,0.32539817492167156,"[-1.008781, -1.007868, -1.008781, -1.008781, -1.008781, -1.008781, -1.008781, -1.008781, -1.008781, -1.008781, -1.008781, -1.008781, -1.008781, -1.008781, -1.008781, -1.008781, -1.008781, -1.008781, -1.007868, -1.008781, -1.008781, -1.008781, -1.008781, -1.008781, -1.008781, -1.008781, -1.008781, -1.005155, -1.008781, -1.008781]",1.0085989015340242,1.0087805818546955,1.0,"[0, 1, 3.0, 28.96427398669847, 1.0334923666138536]"
ETC-PEC-op2,HH-Random,-1.0087805818546955,-1.0085388665496078,-1.0087805818546955,0.0009044158567767306,-1.005154852278384,1.0,33.96666666666667,0.28780169486999513,"[-1.008781, -1.008781, -1.008781, -1.008781, -1.005155, -1.008781, -1.008781, -1.008781, -1.008781, -1.005155, -1.008781, -1.008781, -1.008781, -1.008781, -1.008781, -1.008781, -1.008781, -1.008781, -1.008781, -1.008781, -1.008781, -1.008781, -1.008781, -1.008781, -1.008781, -1.008781, -1.008781, -1.008781, -1.008781, -1.008781]",1.0085388665496078,1.0087805818546955,1.0,"[0, 1, 2.822922771212542, 27.50839554961914, 1.1089550226302713]"
ETC-PEC-op2,LLH:SA,-1.0087805818546955,-1.0084967383203032,-1.0087805818546955,0.0015285442121403083,-1.0002652758229365,0.9666666666666667,24.655172413793103,0.2561988910039266,"[-1.008781, -1.008781, -1.008781, -1.008781, -1.008781, -1.008781, -1.008781, -1.008781, -1.008781, -1.008781, -1.008781, -1.008781, -1.008781, -1.008781, -1.008781, -1.008781, -1.008781, -1.008781, -1.008781, -1.008781, -1.008781, -1.008781, -1.008781, -1.008781, -1.008781, -1.008781, -1.008781, -1.000265, -1.008781, -1.008781]",1.0084967383203032,1.0087805818546955,1.0,"[0, 1, 2.9298689052895583, 31.645486801143672, 0.7994808625694358]"
ETC-PEC-op2,LLH:Tabu,-1.0087805818546955,-1.0081863928904915,-1.0087805818546955,0.0016034058144749684,-1.0018321016575165,0.9666666666666667,34.724137931034484,0.26258157889048256,"[-1.008781, -1.008781, -1.008781, -1.008781, -1.008781, -1.001832, -1.005155, -1.008781, -1.008781, -1.008781, -1.008781, -1.008781, -1.008781, -1.008781, -1.008781, -1.008781, -1.005155, -1.008781, -1.008781, -1.008781, -1.008781, -1.008781, -1.008781, -1.008781, -1.008781, -1.008781, -1.008781, -1.005155, -1.008781, -1.008781]",1.0081863928904915,1.0087805818546955,1.0,"[0, 1, 2.851394156748397, 28.150255077655515, 0.8644802041562251]"
ETC-PEC-op2,LLH:VNS,-1.0087805818546955,-1.0087319216920525,-1.0087805818546955,0.00018806450513743554,-1.0078682418327876,1.0,27.0,0.27209468682607013,"[-1.008781, -1.008781, -1.008781, -1.008781, -1.008781, -1.008781, -1.008781, -1.008781, -1.008781, -1.008781, -1.008781, -1.008781, -1.008781, -1.008781, -1.007868, -1.008781, -1.008781, -1.008781, -1.008781, -1.008781, -1.008781, -1.008781, -1.008781, -1.008781, -1.008781, -1.008781, -1.008781, -1.008781, -1.008233, -1.008781]",1.0087319216920525,1.0087805818546955,1.0,"[0, 1, 3.0, 37.02880483918964, 0.9342262065564584]"
ETC-PEC-op2,LLH:LNS,-1.0087805818546955,-1.008780581854695,-1.0087805818546955,4.440892098500626e-16,-1.0087805818546955,1.0,19.566666666666666,0.35125468571980795,"[-1.008781, -1.008781, -1.008781, -1.008781, -1.008781, -1.008781, -1.008781, -1.008781, -1.008781, -1.008781, -1.008781, -1.008781, -1.008781, -1.008781, -1.008781, -1.008781, -1.008781, -1.008781, -1.008781, -1.008781, -1.008781, -1.008781, -1.008781, -1.008781, -1.008781, -1.008781, -1.008781, -1.008781, -1.008781, -1.008781]",1.008780581854695,1.0087805818546955,1.0,"[0, 1, 3.0, 35.41586685819765, 0.8715232450552509]"
ETC-PEC-op2,LLH:DE/rand/1,-1.0087805818546955,-1.008472899955233,-1.0087805818546955,0.0007705351554355483,-1.005154852278384,1.0,43.53333333333333,0.3233290751775106,"[-1.008781, -1.008781, -1.008781, -1.008781, -1.008781, -1.007868, -1.008781, -1.008781, -1.008781, -1.008781, -1.007868, -1.008781, -1.008781, -1.008781, -1.008781, -1.008781, -1.005155, -1.008781, -1.008781, -1.008781, -1.008781, -1.008781, -1.008781, -1.008781, -1.006677, -1.008016, -1.008781, -1.007868, -1.008781, -1.008781]",1.008472899955233,1.0087805818546955,1.0,"[0, 1, 2.856946091184946, 32.0766554712098, 0.9776999431524408]"
ETC-PEC-op2,LLH:DE/best/1,-1.0087805818546955,-1.0059964460729636,-1.0057187245950052,0.0026311542782853185,-1.0008474153119304,0.8666666666666667,19.576923076923077,0.20204923152923585,"[-1.00112, -1.008781, -1.006088, -1.008781, -1.003179, -1.001896, -1.005155, -1.001896, -1.00431, -1.005155, -1.008781, -1.008781, -1.008781, -1.005155, -1.007705, -1.006738, -1.008781, -1.008781, -1.00535, -1.008781, -1.008781, -1.005155, -1.008781, -1.003604, -1.00431, -1.007868, -1.008781, -1.000847, -1.003762, -1.004013]",1.0059964460729636,1.0087805818546955,1.0,"[0, 1, 2.9273684216037372, 35.36465004404539, 1.2320641106273273]"
ETC-PEC-op2,LLH:PSO,-1.0060877418884588,-1.0021915098938512,-1.001820819481809,0.0016208934722619522,-0.9992833002790935,0.36666666666666664,7.545454545454546,0.1258975108464559,"[-1.00112, -1.000995, -1.001725, -1.002923, -1.002435, -1.00007, -1.00014, -1.001896, -1.000685, -1.003414, -1.001537, -1.000486, -1.001948, -1.003414, -1.006088, -1.002894, -1.003169, -1.003859, -1.00535, -1.001467, -1.002134, -1.001703, -1.004996, -1.001746, -1.00431, -1.000825, -1.003295, -0.999283, -1.001409, -1.000427]",1.0021915098938512,1.0060877418884588,1.0,"[0, 1, 2.1094168576028727, 31.580395303797054, 0.8892363724317872]"
ETC-PEC-op2,LLH:perturb-V,-1.0077049335322268,-1.0034106025841074,-1.002880734226158,0.002235927647833368,-0.9992941782773062,0.5666666666666667,12.647058823529411,0.12911715507507324,"[-1.00112, -1.001381, -1.002331, -1.002923, -1.002435, -1.001647, -1.002881, -1.001896, -1.000685, -1.007705, -1.002881, -1.000654, -1.003604, -1.007705, -1.006088, -1.00431, -1.006088, -1.004709, -1.00535, -1.003536, -1.002881, -1.001895, -1.006088, -1.001895, -1.00431, -1.00535, -1.007705, -0.999294, -1.001895, -1.001075]",1.0034106025841074,1.0077049335322268,1.0,"[0, 1, 2.3330194038256997, 32.2338053740239, 1.0870261023621912]"
ETC-PEC-op2,LLH:perturb-w,-1.0087805818546955,-1.0034818009073025,-1.0031787401952263,0.0023258343722713966,-0.9992833002790935,0.6,15.38888888888889,0.24047627449035644,"[-1.003604, -1.00115, -1.002219, -1.003179, -1.003179, -1.000573, -1.00037, -1.00431, -1.001832, -1.004492, -1.002894, -1.001513, -1.002371, -1.004492, -1.008781, -1.002894, -1.005155, -1.008016, -1.007868, -1.004778, -1.003662, -1.002371, -1.008016, -1.003604, -1.00431, -1.001463, -1.004778, -0.999283, -1.002219, -1.001075]",1.0034818009073025,1.0087805818546955,1.0,"[0, 1, 3.0, 31.580395303797054, 0.8892363724317872]"
ETC-PEC-op2,LLH:perturb-share,-1.0087805818546955,-1.0031911873623447,-1.002749945925586,0.002178753067580312,-0.9996265722434894,0.5,11.733333333333333,0.26349395910898843,"[-1.00112, -1.002298, -1.001725, -1.006677, -1.00535, -1.000703, -1.001808, -1.003536, -1.002331, -1.003414, -1.003859, -1.001074, -1.001948, -1.003414, -1.006088, -1.008016, -1.003169, -1.003859, -1.00535, -1.001467, -1.004247, -1.001703, -1.004996, -1.001746, -1.008781, -1.000825, -1.003295, -0.999627, -1.001409, -1.0019]",1.0031911873623447,1.0087805818546955,1.0,"[0, 1, 2.809871586571907, 33.074168000823775, 1.236194106172932]"
ETC-PEC-op2,LLH:swap-hybrid,-1.0060877418884588,-1.0022129968245108,-1.001820819481809,0.0015860982344217914,-0.9999279081988793,0.36666666666666664,7.545454545454546,0.2715347687403361,"[-1.00112, -1.000995, -1.001725, -1.002923, -1.002435, -1.00007, -1.00014, -1.001896, -1.000685, -1.003414, -1.001537, -1.000486, -1.001948, -1.003414, -1.006088, -1.002894, -1.003169, -1.003859, -1.00535, -1.001467, -1.002134, -1.001703, -1.004996, -1.001746, -1.00431, -1.000825, -1.003295, -0.999928, -1.001409, -1.000427]",1.0022129968245108,1.0060877418884588,1.0,"[0, 1, 2.1094168576028727, 31.580395303797054, 0.8892363724317872]"
ETC-PEC-op2,LLH:swap-fluid,-1.0060877418884588,-1.0027900600974398,-1.0029085372669893,0.0015957605820611563,-0.9992833002790935,0.5333333333333333,10.5625,0.2831978956858317,"[-1.001431, -1.003356, -1.004996, -1.002923, -1.002435, -1.00007, -1.000309, -1.001896, -1.000685, -1.003414, -1.001537, -1.001896, -1.004778, -1.003414, -1.006088, -1.002894, -1.003169, -1.003859, -1.00535, -1.001467, -1.002134, -1.002533, -1.004996, -1.002133, -1.00431, -1.003293, -1.003295, -0.999283, -1.003859, -1.001896]",1.0027900600974398,1.0060877418884588,1.0,"[0, 1, 2.1094168576028727, 31.580395303797054, 0.8892363724317872]"
WeldedBeam,HH-UCB,1.725985389558702,1.7895941570643497,1.7726643114886107,0.06974593781651195,2.119941210172417,0.1,3131.3333333333335,0.15653849442799886,"[1.767978, 1.765142, 1.749548, 1.725985, 1.770344, 1.741081, 1.776944, 1.752264, 2.119941, 1.788109, 1.735665, 1.760101, 1.825083, 1.80318, 1.798798, 1.805371, 1.774985, 1.765761, 1.88601, 1.804924, 1.763045, 1.811176, 1.799088, 1.77748, 1.751903, 1.766679, 1.781854, 1.731568, 1.833437, 1.754381]",,,,
WeldedBeam,HH-Random,1.7249126620123052,1.7489578500058929,1.735976488894916,0.039752532132451904,1.9305409294144078,0.6666666666666666,2340.65,0.13541021347045898,"[1.732563, 1.734024, 1.802494, 1.727102, 1.725872, 1.731921, 1.739873, 1.743934, 1.735107, 1.736945, 1.727373, 1.739123, 1.73569, 1.735309, 1.736263, 1.748956, 1.811881, 1.751968, 1.930541, 1.772093, 1.777272, 1.748031, 1.740186, 1.726627, 1.727066, 1.727065, 1.724913, 1.737623, 1.727689, 1.733232]",,,,
WeldedBeam,DE,1.7248617587371418,1.7249219677775123,1.7249071805921368,5.547780314217307e-05,1.7251174056974894,1.0,2334.233333333333,0.16583882172902426,"[1.724882, 1.724886, 1.725005, 1.724922, 1.724922, 1.724862, 1.725089, 1.724918, 1.72489, 1.724924, 1.724925, 1.724932, 1.724885, 1.72488, 1.724949, 1.724901, 1.724943, 1.724897, 1.72493, 1.724869, 1.725117, 1.7249, 1.724908, 1.724914, 1.72489, 1.724894, 1.724903, 1.724912, 1.724905, 1.724907]",,,,
WeldedBeam,CMA-ES,1.7248509547722983,1.7330611325717131,1.7248577829872236,0.017247297100456534,1.789073710086041,0.8,2678.3333333333335,0.12275935808817545,"[1.724852, 1.728942, 1.789074, 1.725501, 1.725037, 1.730383, 1.724863, 1.783615, 1.728776, 1.724851, 1.726233, 1.724852, 1.724851, 1.724851, 1.745667, 1.724851, 1.724851, 1.724851, 1.769054, 1.72492, 1.724851, 1.724851, 1.724851, 1.724851, 1.724853, 1.74903, 1.724851, 1.724851, 1.743059, 1.724913]",,,,
WeldedBeam,LLH:SA,1.7399556875654936,1.8016196186711801,1.779114825274193,0.0642939592504728,1.9785969562585801,0.03333333333333333,4929.0,0.08985912005106608,"[1.978597, 1.853484, 1.862866, 1.77943, 1.865537, 1.791354, 1.787189, 1.962638, 1.750439, 1.860288, 1.770697, 1.744473, 1.769913, 1.758479, 1.789481, 1.741958, 1.795079, 1.769, 1.765745, 1.795138, 1.748879, 1.94607, 1.763557, 1.778799, 1.748099, 1.817803, 1.752692, 1.768138, 1.739956, 1.79281]",,,,
WeldedBeam,LLH:Tabu,1.7632022055252814,1.832769873400132,1.8233163129244567,0.0424297147842052,1.9443379325957801,0.0,-1,0.1210127035776774,"[1.847962, 1.805214, 1.811655, 1.763202, 1.786745, 1.797702, 1.830248, 1.826633, 1.816139, 1.938254, 1.822746, 1.805544, 1.825164, 1.813198, 1.813938, 1.847496, 1.792834, 1.858078, 1.823886, 1.800486, 1.819762, 1.932566, 1.832497, 1.944338, 1.81491, 1.888204, 1.846277, 1.798057, 1.851421, 1.827941]",,,,
WeldedBeam,LLH:VNS,1.7320908281239062,1.904118684087809,1.7794440063995705,0.25987740890594546,2.8621956379638087,0.13333333333333333,3496.5,0.13415942192077637,"[2.862196, 1.76902, 1.778472, 1.876673, 1.757226, 1.780416, 1.733768, 1.736658, 1.774512, 1.800302, 2.030813, 1.742278, 1.757521, 1.747841, 1.732091, 1.890756, 1.878941, 1.754032, 2.430718, 1.743292, 1.905196, 2.270456, 1.733726, 1.746364, 2.370114, 2.050567, 1.80582, 1.746745, 1.816162, 2.100884]",,,,
WeldedBeam,LLH:LNS,1.953406412057245,2.9351301812849067,2.55747465953412,1.0115188744791754,5.309201703827722,0.0,-1,0.1993813435236613,"[2.033814, 4.769296, 2.267608, 2.567665, 2.61181, 2.279098, 3.733114, 2.020611, 1.985013, 2.167015, 2.404849, 2.001255, 4.019754, 2.547284, 2.351858, 3.783348, 1.953406, 4.769797, 2.469992, 2.640049, 4.63582, 1.969701, 2.625342, 2.160968, 2.683607, 2.62968, 4.476202, 3.967072, 5.309202, 2.219677]",,,,
WeldedBeam,LLH:DE/rand/1,1.7248509548734332,1.7300595038545936,1.724851073046816,0.01686278014114957,1.8150447315290141,0.9333333333333333,1637.357142857143,0.17690956592559814,"[1.724851, 1.724851, 1.724861, 1.724851, 1.724851, 1.724854, 1.724854, 1.750702, 1.724851, 1.724853, 1.735738, 1.724851, 1.724851, 1.724852, 1.724851, 1.725044, 1.724851, 1.739755, 1.724851, 1.815045, 1.739014, 1.724851, 1.724851, 1.724851, 1.724851, 1.724851, 1.724851, 1.724856, 1.724851, 1.724891]",,,,
WeldedBeam,LLH:DE/best/1,1.7248509547724562,2.0059062983399443,1.724854174845393,0.5582972064681146,3.750051270077372,0.6666666666666666,1567.55,0.2015697479248047,"[2.663881, 1.724851, 1.955859, 1.724882, 2.082233, 1.724855, 2.742886, 1.726379, 1.725015, 1.814292, 2.6865, 1.724853, 1.759717, 1.724851, 1.724852, 1.724851, 1.724851, 3.750051, 1.724851, 1.724851, 1.724851, 1.724851, 1.724941, 1.724851, 2.502957, 1.724851, 1.724852, 1.724851, 1.724851, 3.719972]",,,,
WeldedBeam,LLH:PSO,3.934566025492764,767144.7719472856,1000169.6625997669,423213.7127550927,1001989.7478353415,0.0,-1,0.11263298988342285,"[6.529381, 1000458.222215, 3.934566, 1001040.178713, 1000584.680347, 1001042.212241, 1000080.402003, 1001260.17146, 1000216.432476, 1000317.022148, 6.56684, 1001206.281989, 1001522.422067, 5.861247, 1000116.110205, 1000105.033218, 1000822.228773, 1000122.892724, 1001352.878328, 1000932.740167, 1000056.012716, 4.390417, 1000003.970096, 5.732168, 3.999838, 1000032.305535, 1000013.632357, 1000528.967609, 1000501.598739, 1001989.747835]",,,,
WeldedBeam,LLH:perturb-V,2.7956868967241038,300143.26473579835,4.655534739018141,458469.95767486823,1001257.6111193207,0.0,-1,0.10319238503774007,"[5.338556, 1000129.673058, 3.884837, 4.210732, 4.363468, 3.952397, 1000064.730115, 1001257.611119, 4.292097, 1000218.561836, 5.29937, 3.127272, 3.654037, 5.278911, 1000063.578713, 5.173868, 3.117675, 4.330206, 2.795687, 1000883.024764, 4.12903, 4.315701, 4.53029, 4.78078, 3.786242, 4.179524, 5.183389, 1000246.872936, 1000120.346219, 1001223.819244]",,,,
WeldedBeam,LLH:perturb-w,2.1509406427979423,466925.6785567911,10.455007670921217,499158.8836238649,1001394.1200143701,0.0,-1,0.09756378332773845,"[6.126583, 1000239.503613, 2.402626, 1000960.581648, 1000448.748107, 1000949.105912, 4.814661, 5.25512, 13.172734, 1000081.524377, 5.316969, 1000992.453602, 1001394.120014, 4.621092, 2.920228, 1000091.519592, 1000369.533532, 7.737282, 1001024.320517, 5.819018, 6.532186, 2.150941, 5.155577, 4.682005, 3.799329, 5.586556, 1000005.896534, 1000328.103103, 1000049.166222, 1000749.687024]",,,,
WeldedBeam,LLH:perturb-share,3.605110431258832,700340.8424544155,1000102.3822844533,458477.51616141765,1001522.4220668657,0.0,-1,0.08764197826385497,"[6.323788, 1000185.507248, 3.639838, 1001040.178713, 1000584.680347, 1001042.212241, 5.534591, 1000418.841427, 1000216.432476, 1000045.568644, 5.897429, 1001206.281989, 1001522.422067, 5.194487, 1000116.110205, 1000088.654363, 1000822.228773, 1000122.892724, 1001352.878328, 6.953281, 1000056.012716, 3.60511, 1000003.970096, 5.172207, 3.897574, 1000032.305535, 1000004.194411, 1000222.454355, 1000501.598739, 1000593.629927]",,,,
WeldedBeam,LLH:swap-hybrid,3.7651391419871705,733694.8832110504,1000102.3822844533,442432.2035070619,1001522.4220668657,0.0,-1,0.0908624013264974,"[5.248871, 1000185.507248, 3.859525, 1001040.178713, 1000584.680347, 1001042.212241, 4.759413, 1000745.786321, 1000216.432476, 1000045.568644, 4.542922, 1001206.281989, 1001522.422067, 4.985006, 1000116.110205, 1000088.654363, 1000822.228773, 1000122.892724, 1001352.878328, 1000021.074867, 1000056.012716, 4.189287, 1000003.970096, 3.765139, 3.766338, 1000032.305535, 1000004.194411, 1000506.759098, 1000501.598739, 1000593.629927]",,,,
WeldedBeam,LLH:swap-fluid,3.605300093828137,700340.8508999661,1000102.3822844533,458477.52041373577,1001522.4220668657,0.0,-1,0.08362704118092855,"[6.323335, 1000185.507248, 3.645749, 1001040.178713, 1000584.680347, 1001042.212241, 5.534928, 1000419.077259, 1000216.432476, 1000045.568644, 5.901938, 1001206.281989, 1001522.422067, 5.198215, 1000116.110205, 1000088.654363, 1000822.228773, 1000122.892724, 1001352.878328, 6.952699, 1000056.012716, 3.6053, 1000003.970096, 5.173165, 3.900512, 1000032.305535, 1000004.194411, 1000222.454355, 1000501.598739, 1000593.629927]",,,,
PressureVessel,HH-UCB,5905.188076105518,6476.238512260203,6240.932835486947,487.0336011791648,7368.537330831989,0.26666666666666666,1726.5,0.12827440102895102,"[6112.385049, 5968.511979, 6826.68031, 6987.071016, 7368.537331, 6052.215439, 6100.089557, 6084.752649, 6134.585333, 6326.407918, 6456.790376, 7098.046464, 7321.438329, 5905.188076, 6133.948937, 6058.668105, 6713.363359, 6228.152629, 6656.996288, 6253.713042, 7270.255024, 7293.171663, 5939.341578, 6032.442548, 7359.128955, 6025.353793, 6485.548203, 6735.376199, 6134.641166, 6224.354053]",,,,
PressureVessel,HH-Random,5885.355961493932,6276.405386060762,6152.522275451613,415.5704482475153,7319.704246483195,0.43333333333333335,1614.5384615384614,0.10526922543843588,"[6365.240065, 6297.941785, 6149.926195, 7319.704246, 6148.5536, 6281.356803, 5894.50242, 6432.43596, 6037.317603, 6261.062129, 7312.340123, 7010.036917, 6264.545889, 6946.003527, 5912.458291, 5885.355961, 6171.08481, 5906.410443, 5899.072071, 6155.118356, 6424.778118, 5898.570145, 5895.116331, 5899.304488, 5932.714366, 6016.113905, 6085.444537, 6928.075823, 6087.882748, 6473.693925]",,,,
PressureVessel,DE,5885.411779034287,5885.97330132357,5885.8149924775125,0.5939116980928709,5888.300793139625,1.0,1888.0,0.11621633370717367,"[5885.487734, 5885.97244, 5885.595421, 5885.629411, 5888.300793, 5885.475181, 5885.451538, 5886.370679, 5887.093327, 5886.22404, 5885.715037, 5885.85576, 5886.05851, 5885.668862, 5886.093648, 5885.756262, 5885.440746, 5885.885715, 5885.812789, 5886.001621, 5885.44034, 5885.817196, 5885.780647, 5886.606503, 5885.730902, 5885.411779, 5885.491855, 5886.763184, 5886.339439, 5885.927683]",,,,
PressureVessel,CMA-ES,5885.325528113544,6170.006232953529,6163.787373202073,194.63371531804515,6612.95798372915,0.43333333333333335,2648.3846153846152,0.08959779739379883,"[6413.836274, 6317.805574, 6198.648054, 6235.894939, 6157.056811, 5886.485094, 6323.291804, 6232.17384, 6070.343182, 6437.290801, 5887.140404, 5885.325528, 6124.991737, 5975.617232, 5893.742628, 6540.944055, 6078.410122, 6435.565692, 6095.018682, 6264.435786, 6287.477338, 6170.517935, 6203.678405, 6079.304871, 5982.293925, 5954.476398, 6274.694153, 6612.957984, 6098.97283, 5981.794911]",,,,
PressureVessel,LLH:SA,5979.369345772224,6478.788416445098,6328.451055560839,452.10672198292156,7458.043466562884,0.23333333333333334,4635.571428571428,0.06116124788920085,"[6542.798647, 6159.631681, 7458.043467, 6270.626165, 6835.804429, 6602.2129, 6137.594463, 7414.181428, 6391.366081, 5979.369346, 6764.937967, 7353.032819, 6381.723255, 6502.088064, 6066.996055, 6092.696393, 7456.426136, 6144.356637, 6489.818218, 6318.914578, 6243.077511, 6025.439442, 6256.328379, 6817.048918, 6985.051268, 6037.990977, 6054.142084, 6252.746194, 5991.221457, 6337.987533]",,,,
PressureVessel,LLH:Tabu,6182.890759544647,6678.845657173801,6610.062675051193,415.77439855626704,7874.4569907202895,0.0,-1,0.08897301355997721,"[6561.512082, 6690.63432, 7519.827291, 6278.1364, 6182.89076, 6406.828209, 7287.977254, 6640.158389, 6866.01155, 6450.672957, 6696.387906, 7268.196877, 7081.106763, 7053.151798, 6195.675421, 6884.767025, 6251.796496, 6806.598443, 6291.948278, 6315.584694, 6969.109913, 6811.189969, 6425.462246, 6579.966962, 7874.456991, 6411.328607, 6664.803395, 6377.335881, 6231.32516, 6290.527681]",,,,
PressureVessel,LLH:VNS,5910.362789478113,6475.3442416219195,6440.2272330864225,395.73451397754815,7344.225471744726,0.2,1829.3333333333333,0.09165687561035156,"[7042.497113, 6751.016814, 6904.948624, 7064.214644, 7344.225472, 5972.732471, 6133.904382, 6295.256169, 6423.406774, 5956.810544, 7044.464437, 6877.693736, 6114.655573, 6394.221864, 6989.485153, 5910.362789, 6313.310573, 6460.973252, 6051.833878, 6457.047692, 6535.675284, 6217.003116, 6119.239106, 6834.948393, 6397.597019, 6677.524259, 6484.816073, 6582.58253, 5946.105708, 5961.773807]",,,,
PressureVessel,LLH:LNS,6253.820371369899,7165.710288621458,6993.398664570264,575.3816983737968,8150.172347635082,0.0,-1,0.16383642355600994,"[7917.951988, 6905.97188, 6918.85256, 6862.792861, 6999.350396, 7710.046777, 6400.457982, 7021.006719, 7590.392161, 7707.602109, 6987.446933, 6582.520761, 7587.910979, 6253.820371, 7712.48238, 7973.01221, 8111.730785, 6491.448457, 7065.430244, 8034.454601, 6964.624054, 7695.814461, 6546.730224, 6481.923112, 6828.087417, 6797.49479, 8150.172348, 7561.033111, 6590.293606, 6520.452379]",,,,
PressureVessel,LLH:DE/rand/1,5885.325524150648,6007.385941555573,5885.3403368296895,352.5209324844783,7294.880258325636,0.9,1116.037037037037,0.13828818003336588,"[5885.325622, 5885.325562, 5886.560427, 5923.898378, 6001.779912, 6336.369953, 5885.325568, 5885.325525, 7294.880258, 5885.32623, 5885.325524, 5885.325524, 5885.337843, 5885.34283, 5918.372687, 5886.346437, 7273.855065, 5887.054141, 6086.056604, 5885.325545, 5885.325651, 5885.325544, 5885.325524, 5904.087078, 5885.59752, 5885.325598, 5886.015413, 5885.335483, 5885.325553, 5885.455245]",,,,
PressureVessel,LLH:DE/best/1,5885.32552414949,6339.483876276835,6139.047137318244,489.2078353472429,7318.993137424351,0.5,1128.7333333333333,0.15623159408569337,"[5885.325524, 7294.688346, 6311.748286, 6460.912864, 6324.309479, 5900.408049, 6094.288857, 5967.167041, 5885.325524, 6692.376553, 5895.534212, 7231.870673, 7318.993137, 5998.179877, 5965.741509, 6077.939045, 6316.219263, 6540.614588, 5956.651439, 7189.716149, 6071.691652, 7020.143143, 6183.805418, 7318.993137, 6192.944555, 6081.973417, 5962.63147, 6229.740425, 5885.325524, 5929.257131]",,,,
PressureVessel,LLH:PSO,25137.094195225345,66847.10712977665,58218.262380032145,37529.84154905002,211814.29752499342,0.0,-1,0.0924523115158081,"[38117.211568, 45181.512931, 48890.915227, 44190.014574, 80414.659694, 57155.632141, 25137.094195, 31141.619548, 63911.623537, 45557.394796, 86141.332334, 69152.357088, 54031.759547, 50220.727175, 82975.260323, 112752.672749, 74468.769197, 88730.933257, 147426.132891, 72090.494872, 62249.307452, 39381.386418, 57805.955716, 90174.89288, 26882.533791, 58630.569044, 70431.003022, 38790.256213, 31564.894188, 211814.297525]",,,,
PressureVessel,LLH:perturb-V,9862.799095597646,42057.194675837505,36054.123515392756,22653.058076795944,105487.90052727234,0.0,-1,0.05946556727091471,"[18998.375693, 36599.834832, 32406.626328, 26115.96682, 44220.937909, 33676.626991, 23886.020231, 25861.933095, 41229.568048, 23612.906075, 28054.183608, 61209.371799, 49162.061825, 37649.389678, 41736.776628, 77242.776674, 70973.626905, 79505.567062, 77697.70012, 65917.331596, 47180.832503, 19156.86909, 9862.799096, 13826.806488, 24008.628078, 57006.248384, 35508.412199, 33012.152826, 20907.609166, 105487.900527]",,,,
PressureVessel,LLH:perturb-w,20777.380591994908,53867.45213896637,48402.497235426374,26220.927791086702,148460.36482473847,0.0,-1,0.07250133355458578,"[29693.464227, 39978.166586, 41196.75901, 35029.004782, 79595.03346, 48787.441611, 23798.526458, 24516.798981, 46044.357538, 44603.967512, 45888.188956, 63743.523426, 50866.587931, 39972.167057, 48017.55286, 98950.021496, 68106.405261, 71817.330813, 93347.302575, 52099.913316, 58609.03559, 33621.49668, 53626.160875, 84052.72667, 20777.380592, 49029.902723, 53725.250366, 37187.967034, 30880.764957, 148460.364825]",,,,
PressureVessel,LLH:perturb-share,17022.000944807573,40189.817168452675,35879.75728478054,18724.107140884986,92472.22276313757,0.0,-1,0.0620110829671224,"[31025.416467, 34711.440083, 38327.890975, 25220.638451, 67450.153178, 46669.822171, 21854.6668, 21537.045828, 38611.599777, 37048.074487, 47824.898545, 24405.661776, 37778.721004, 33628.171234, 41936.302815, 55891.829239, 27704.402074, 27098.450531, 67997.160713, 24447.894868, 45555.076457, 27565.171855, 55607.287638, 86890.573698, 17022.000945, 27361.737223, 52529.933649, 18827.270239, 30692.99957, 92472.222763]",,,,
PressureVessel,LLH:swap-hybrid,8470.306237109795,43989.39097257083,36698.604441641815,28392.185851905397,139307.6099398266,0.0,-1,0.06808839639027914,"[28114.610192, 17558.294986, 25821.67989, 40656.631955, 46501.949244, 32745.262888, 8470.306237, 16410.308117, 38016.476739, 33095.736106, 85832.334846, 58011.121023, 16765.560564, 23757.235896, 67796.022134, 59232.458852, 37858.578755, 67457.928453, 97428.954172, 45453.768057, 26968.358651, 35538.630128, 54759.445792, 82975.60988, 16725.499145, 19817.108844, 45317.609294, 34416.343276, 16870.295122, 139307.60994]",,,,
PressureVessel,LLH:swap-fluid,17015.149169888915,40207.453394820644,35875.42336209402,18725.244248876163,92486.20725363126,0.0,-1,0.06505981286366781,"[31045.724448, 34699.365772, 38408.098167, 25241.466855, 67438.693772, 46715.453599, 21885.226543, 21538.311718, 38611.718538, 37051.480952, 47841.272051, 24418.111933, 37883.853329, 33657.13656, 41954.755929, 55873.617549, 27703.227563, 27089.097371, 68127.702256, 24449.921861, 45605.24389, 27575.031378, 55596.622892, 86869.792917, 17015.14917, 27376.31506, 52499.642343, 18832.70449, 30732.655686, 92486.207254]",,,,
